"","user_name","raw_timestamp_part_1","raw_timestamp_part_2","cvtd_timestamp","new_window","num_window","roll_belt","pitch_belt","yaw_belt","total_accel_belt","kurtosis_roll_belt","kurtosis_picth_belt","kurtosis_yaw_belt","skewness_roll_belt","skewness_roll_belt.1","skewness_yaw_belt","max_roll_belt","max_picth_belt","max_yaw_belt","min_roll_belt","min_pitch_belt","min_yaw_belt","amplitude_roll_belt","amplitude_pitch_belt","amplitude_yaw_belt","var_total_accel_belt","avg_roll_belt","stddev_roll_belt","var_roll_belt","avg_pitch_belt","stddev_pitch_belt","var_pitch_belt","avg_yaw_belt","stddev_yaw_belt","var_yaw_belt","gyros_belt_x","gyros_belt_y","gyros_belt_z","accel_belt_x","accel_belt_y","accel_belt_z","magnet_belt_x","magnet_belt_y","magnet_belt_z","roll_arm","pitch_arm","yaw_arm","total_accel_arm","var_accel_arm","avg_roll_arm","stddev_roll_arm","var_roll_arm","avg_pitch_arm","stddev_pitch_arm","var_pitch_arm","avg_yaw_arm","stddev_yaw_arm","var_yaw_arm","gyros_arm_x","gyros_arm_y","gyros_arm_z","accel_arm_x","accel_arm_y","accel_arm_z","magnet_arm_x","magnet_arm_y","magnet_arm_z","kurtosis_roll_arm","kurtosis_picth_arm","kurtosis_yaw_arm","skewness_roll_arm","skewness_pitch_arm","skewness_yaw_arm","max_roll_arm","max_picth_arm","max_yaw_arm","min_roll_arm","min_pitch_arm","min_yaw_arm","amplitude_roll_arm","amplitude_pitch_arm","amplitude_yaw_arm","roll_dumbbell","pitch_dumbbell","yaw_dumbbell","kurtosis_roll_dumbbell","kurtosis_picth_dumbbell","kurtosis_yaw_dumbbell","skewness_roll_dumbbell","skewness_pitch_dumbbell","skewness_yaw_dumbbell","max_roll_dumbbell","max_picth_dumbbell","max_yaw_dumbbell","min_roll_dumbbell","min_pitch_dumbbell","min_yaw_dumbbell","amplitude_roll_dumbbell","amplitude_pitch_dumbbell","amplitude_yaw_dumbbell","total_accel_dumbbell","var_accel_dumbbell","avg_roll_dumbbell","stddev_roll_dumbbell","var_roll_dumbbell","avg_pitch_dumbbell","stddev_pitch_dumbbell","var_pitch_dumbbell","avg_yaw_dumbbell","stddev_yaw_dumbbell","var_yaw_dumbbell","gyros_dumbbell_x","gyros_dumbbell_y","gyros_dumbbell_z","accel_dumbbell_x","accel_dumbbell_y","accel_dumbbell_z","magnet_dumbbell_x","magnet_dumbbell_y","magnet_dumbbell_z","roll_forearm","pitch_forearm","yaw_forearm","kurtosis_roll_forearm","kurtosis_picth_forearm","kurtosis_yaw_forearm","skewness_roll_forearm","skewness_pitch_forearm","skewness_yaw_forearm","max_roll_forearm","max_picth_forearm","max_yaw_forearm","min_roll_forearm","min_pitch_forearm","min_yaw_forearm","amplitude_roll_forearm","amplitude_pitch_forearm","amplitude_yaw_forearm","total_accel_forearm","var_accel_forearm","avg_roll_forearm","stddev_roll_forearm","var_roll_forearm","avg_pitch_forearm","stddev_pitch_forearm","var_pitch_forearm","avg_yaw_forearm","stddev_yaw_forearm","var_yaw_forearm","gyros_forearm_x","gyros_forearm_y","gyros_forearm_z","accel_forearm_x","accel_forearm_y","accel_forearm_z","magnet_forearm_x","magnet_forearm_y","magnet_forearm_z","classe"
"1","carlitos",1323084231,788290,"05/12/2011 11:23","no",11,1.41,8.07,-94.4,3,"","","","","","",NA,NA,"",NA,NA,"",NA,NA,"",NA,NA,NA,NA,NA,NA,NA,NA,NA,NA,0,0,-0.02,-21,4,22,-3,599,-313,-128,22.5,-161,34,NA,NA,NA,NA,NA,NA,NA,NA,NA,NA,0,0,-0.02,-288,109,-123,-368,337,516,"","","","","","",NA,NA,NA,NA,NA,NA,NA,NA,NA,13.05217456,-70.49400371,-84.87393888,"","","","","","",NA,NA,"",NA,NA,"",NA,NA,"",37,NA,NA,NA,NA,NA,NA,NA,NA,NA,NA,0,-0.02,0,-234,47,-271,-559,293,-65,28.4,-63.9,-153,"","","","","","",NA,NA,"",NA,NA,"",NA,NA,"",36,NA,NA,NA,NA,NA,NA,NA,NA,NA,NA,0.03,0,-0.02,192,203,-215,-17,654,476,"A"
"2","carlitos",1323084231,808298,"05/12/2011 11:23","no",11,1.41,8.07,-94.4,3,"","","","","","",NA,NA,"",NA,NA,"",NA,NA,"",NA,NA,NA,NA,NA,NA,NA,NA,NA,NA,0.02,0,-0.02,-22,4,22,-7,608,-311,-128,22.5,-161,34,NA,NA,NA,NA,NA,NA,NA,NA,NA,NA,0.02,-0.02,-0.02,-290,110,-125,-369,337,513,"","","","","","",NA,NA,NA,NA,NA,NA,NA,NA,NA,13.13073959,-70.63750507,-84.71064711,"","","","","","",NA,NA,"",NA,NA,"",NA,NA,"",37,NA,NA,NA,NA,NA,NA,NA,NA,NA,NA,0,-0.02,0,-233,47,-269,-555,296,-64,28.3,-63.9,-153,"","","","","","",NA,NA,"",NA,NA,"",NA,NA,"",36,NA,NA,NA,NA,NA,NA,NA,NA,NA,NA,0.02,0,-0.02,192,203,-216,-18,661,473,"A"
"3","carlitos",1323084231,820366,"05/12/2011 11:23","no",11,1.42,8.07,-94.4,3,"","","","","","",NA,NA,"",NA,NA,"",NA,NA,"",NA,NA,NA,NA,NA,NA,NA,NA,NA,NA,0,0,-0.02,-20,5,23,-2,600,-305,-128,22.5,-161,34,NA,NA,NA,NA,NA,NA,NA,NA,NA,NA,0.02,-0.02,-0.02,-289,110,-126,-368,344,513,"","","","","","",NA,NA,NA,NA,NA,NA,NA,NA,NA,12.85074981,-70.27811982,-85.14078134,"","","","","","",NA,NA,"",NA,NA,"",NA,NA,"",37,NA,NA,NA,NA,NA,NA,NA,NA,NA,NA,0,-0.02,0,-232,46,-270,-561,298,-63,28.3,-63.9,-152,"","","","","","",NA,NA,"",NA,NA,"",NA,NA,"",36,NA,NA,NA,NA,NA,NA,NA,NA,NA,NA,0.03,-0.02,0,196,204,-213,-18,658,469,"A"
"4","carlitos",1323084232,120339,"05/12/2011 11:23","no",12,1.48,8.05,-94.4,3,"","","","","","",NA,NA,"",NA,NA,"",NA,NA,"",NA,NA,NA,NA,NA,NA,NA,NA,NA,NA,0.02,0,-0.03,-22,3,21,-6,604,-310,-128,22.1,-161,34,NA,NA,NA,NA,NA,NA,NA,NA,NA,NA,0.02,-0.03,0.02,-289,111,-123,-372,344,512,"","","","","","",NA,NA,NA,NA,NA,NA,NA,NA,NA,13.43119971,-70.39379464,-84.87362553,"","","","","","",NA,NA,"",NA,NA,"",NA,NA,"",37,NA,NA,NA,NA,NA,NA,NA,NA,NA,NA,0,-0.02,-0.02,-232,48,-269,-552,303,-60,28.1,-63.9,-152,"","","","","","",NA,NA,"",NA,NA,"",NA,NA,"",36,NA,NA,NA,NA,NA,NA,NA,NA,NA,NA,0.02,-0.02,0,189,206,-214,-16,658,469,"A"
"5","carlitos",1323084232,196328,"05/12/2011 11:23","no",12,1.48,8.07,-94.4,3,"","","","","","",NA,NA,"",NA,NA,"",NA,NA,"",NA,NA,NA,NA,NA,NA,NA,NA,NA,NA,0.02,0.02,-0.02,-21,2,24,-6,600,-302,-128,22.1,-161,34,NA,NA,NA,NA,NA,NA,NA,NA,NA,NA,0,-0.03,0,-289,111,-123,-374,337,506,"","","","","","",NA,NA,NA,NA,NA,NA,NA,NA,NA,13.37871611,-70.42855971,-84.85305745,"","","","","","",NA,NA,"",NA,NA,"",NA,NA,"",37,NA,NA,NA,NA,NA,NA,NA,NA,NA,NA,0,-0.02,0,-233,48,-270,-554,292,-68,28,-63.9,-152,"","","","","","",NA,NA,"",NA,NA,"",NA,NA,"",36,NA,NA,NA,NA,NA,NA,NA,NA,NA,NA,0.02,0,-0.02,189,206,-214,-17,655,473,"A"
"6","carlitos",1323084232,304277,"05/12/2011 11:23","no",12,1.45,8.06,-94.4,3,"","","","","","",NA,NA,"",NA,NA,"",NA,NA,"",NA,NA,NA,NA,NA,NA,NA,NA,NA,NA,0.02,0,-0.02,-21,4,21,0,603,-312,-128,22,-161,34,NA,NA,NA,NA,NA,NA,NA,NA,NA,NA,0.02,-0.03,0,-289,111,-122,-369,342,513,"","","","","","",NA,NA,NA,NA,NA,NA,NA,NA,NA,13.38245941,-70.81758832,-84.46500278,"","","","","","",NA,NA,"",NA,NA,"",NA,NA,"",37,NA,NA,NA,NA,NA,NA,NA,NA,NA,NA,0,-0.02,0,-234,48,-269,-558,294,-66,27.9,-63.9,-152,"","","","","","",NA,NA,"",NA,NA,"",NA,NA,"",36,NA,NA,NA,NA,NA,NA,NA,NA,NA,NA,0.02,-0.02,-0.03,193,203,-215,-9,660,478,"A"
"7","carlitos",1323084232,368296,"05/12/2011 11:23","no",12,1.42,8.09,-94.4,3,"","","","","","",NA,NA,"",NA,NA,"",NA,NA,"",NA,NA,NA,NA,NA,NA,NA,NA,NA,NA,0.02,0,-0.02,-22,3,21,-4,599,-311,-128,21.9,-161,34,NA,NA,NA,NA,NA,NA,NA,NA,NA,NA,0,-0.03,0,-289,111,-125,-373,336,509,"","","","","","",NA,NA,NA,NA,NA,NA,NA,NA,NA,13.12694911,-70.24756905,-85.09961258,"","","","","","",NA,NA,"",NA,NA,"",NA,NA,"",37,NA,NA,NA,NA,NA,NA,NA,NA,NA,NA,0,-0.02,0,-232,47,-270,-551,295,-70,27.9,-63.9,-152,"","","","","","",NA,NA,"",NA,NA,"",NA,NA,"",36,NA,NA,NA,NA,NA,NA,NA,NA,NA,NA,0.02,0,-0.02,195,205,-215,-18,659,470,"A"
"8","carlitos",1323084232,440390,"05/12/2011 11:23","no",12,1.42,8.13,-94.4,3,"","","","","","",NA,NA,"",NA,NA,"",NA,NA,"",NA,NA,NA,NA,NA,NA,NA,NA,NA,NA,0.02,0,-0.02,-22,4,21,-2,603,-313,-128,21.8,-161,34,NA,NA,NA,NA,NA,NA,NA,NA,NA,NA,0.02,-0.02,0,-289,111,-124,-372,338,510,"","","","","","",NA,NA,NA,NA,NA,NA,NA,NA,NA,12.75083041,-70.34768359,-85.09708174,"","","","","","",NA,NA,"",NA,NA,"",NA,NA,"",37,NA,NA,NA,NA,NA,NA,NA,NA,NA,NA,0,-0.02,0,-234,46,-272,-555,300,-74,27.8,-63.8,-152,"","","","","","",NA,NA,"",NA,NA,"",NA,NA,"",36,NA,NA,NA,NA,NA,NA,NA,NA,NA,NA,0.02,-0.02,0,193,205,-213,-9,660,474,"A"
"9","carlitos",1323084232,484323,"05/12/2011 11:23","no",12,1.43,8.16,-94.4,3,"","","","","","",NA,NA,"",NA,NA,"",NA,NA,"",NA,NA,NA,NA,NA,NA,NA,NA,NA,NA,0.02,0,-0.02,-20,2,24,1,602,-312,-128,21.7,-161,34,NA,NA,NA,NA,NA,NA,NA,NA,NA,NA,0.02,-0.03,-0.02,-288,109,-122,-369,341,518,"","","","","","",NA,NA,NA,NA,NA,NA,NA,NA,NA,13.15463353,-70.42520377,-84.91563379,"","","","","","",NA,NA,"",NA,NA,"",NA,NA,"",37,NA,NA,NA,NA,NA,NA,NA,NA,NA,NA,0,-0.02,0,-232,47,-269,-549,292,-65,27.7,-63.8,-152,"","","","","","",NA,NA,"",NA,NA,"",NA,NA,"",36,NA,NA,NA,NA,NA,NA,NA,NA,NA,NA,0.03,0,-0.02,193,204,-214,-16,653,476,"A"
"10","carlitos",1323084232,484434,"05/12/2011 11:23","no",12,1.45,8.17,-94.4,3,"","","","","","",NA,NA,"",NA,NA,"",NA,NA,"",NA,NA,NA,NA,NA,NA,NA,NA,NA,NA,0.03,0,0,-21,4,22,-3,609,-308,-128,21.6,-161,34,NA,NA,NA,NA,NA,NA,NA,NA,NA,NA,0.02,-0.03,-0.02,-288,110,-124,-376,334,516,"","","","","","",NA,NA,NA,NA,NA,NA,NA,NA,NA,13.33033728,-70.85058796,-84.44601983,"","","","","","",NA,NA,"",NA,NA,"",NA,NA,"",37,NA,NA,NA,NA,NA,NA,NA,NA,NA,NA,0,-0.02,0,-235,48,-270,-558,291,-69,27.7,-63.8,-152,"","","","","","",NA,NA,"",NA,NA,"",NA,NA,"",36,NA,NA,NA,NA,NA,NA,NA,NA,NA,NA,0.02,0,-0.02,190,205,-215,-22,656,473,"A"
"11","carlitos",1323084232,500302,"05/12/2011 11:23","no",12,1.45,8.18,-94.4,3,"","","","","","",NA,NA,"",NA,NA,"",NA,NA,"",NA,NA,NA,NA,NA,NA,NA,NA,NA,NA,0.03,0,-0.02,-21,2,23,-5,596,-317,-128,21.5,-161,34,NA,NA,NA,NA,NA,NA,NA,NA,NA,NA,0.02,-0.03,0,-290,110,-123,-366,339,509,"","","","","","",NA,NA,NA,NA,NA,NA,NA,NA,NA,13.13073959,-70.63750507,-84.71064711,"","","","","","",NA,NA,"",NA,NA,"",NA,NA,"",37,NA,NA,NA,NA,NA,NA,NA,NA,NA,NA,0,-0.02,0,-233,47,-269,-564,299,-64,27.6,-63.8,-152,"","","","","","",NA,NA,"",NA,NA,"",NA,NA,"",36,NA,NA,NA,NA,NA,NA,NA,NA,NA,NA,0.02,-0.02,-0.02,193,205,-214,-17,657,465,"A"
"12","carlitos",1323084232,528316,"05/12/2011 11:23","no",12,1.43,8.18,-94.4,3,"","","","","","",NA,NA,"",NA,NA,"",NA,NA,"",NA,NA,NA,NA,NA,NA,NA,NA,NA,NA,0.02,0,-0.02,-22,2,23,-2,602,-319,-128,21.5,-161,34,NA,NA,NA,NA,NA,NA,NA,NA,NA,NA,0.02,-0.03,0,-288,111,-123,-363,343,520,"","","","","","",NA,NA,NA,NA,NA,NA,NA,NA,NA,13.10320545,-70.45974712,-84.89472246,"","","","","","",NA,NA,"",NA,NA,"",NA,NA,"",37,NA,NA,NA,NA,NA,NA,NA,NA,NA,NA,0,-0.02,0,-233,47,-270,-554,291,-65,27.5,-63.8,-152,"","","","","","",NA,NA,"",NA,NA,"",NA,NA,"",36,NA,NA,NA,NA,NA,NA,NA,NA,NA,NA,0.02,0.02,-0.03,191,203,-215,-11,657,478,"A"
"13","carlitos",1323084232,560359,"05/12/2011 11:23","no",12,1.42,8.2,-94.4,3,"","","","","","",NA,NA,"",NA,NA,"",NA,NA,"",NA,NA,NA,NA,NA,NA,NA,NA,NA,NA,0.02,0,0,-22,4,21,-3,606,-309,-128,21.4,-161,34,NA,NA,NA,NA,NA,NA,NA,NA,NA,NA,0.02,-0.02,-0.02,-287,111,-124,-372,338,509,"","","","","","",NA,NA,NA,NA,NA,NA,NA,NA,NA,13.38245941,-70.81758832,-84.46500278,"","","","","","",NA,NA,"",NA,NA,"",NA,NA,"",37,NA,NA,NA,NA,NA,NA,NA,NA,NA,NA,0,-0.02,-0.02,-234,48,-269,-552,302,-69,27.2,-63.9,-151,"","","","","","",NA,NA,"",NA,NA,"",NA,NA,"",36,NA,NA,NA,NA,NA,NA,NA,NA,NA,NA,0,0,-0.03,193,205,-215,-15,655,472,"A"
"14","carlitos",1323084232,576390,"05/12/2011 11:23","no",12,1.42,8.21,-94.4,3,"","","","","","",NA,NA,"",NA,NA,"",NA,NA,"",NA,NA,NA,NA,NA,NA,NA,NA,NA,NA,0.02,0,-0.02,-22,4,21,-8,598,-310,-128,21.4,-161,34,NA,NA,NA,NA,NA,NA,NA,NA,NA,NA,0.02,0,-0.03,-288,111,-124,-371,331,523,"","","","","","",NA,NA,NA,NA,NA,NA,NA,NA,NA,13.41047767,-70.99594236,-84.28004856,"","","","","","",NA,NA,"",NA,NA,"",NA,NA,"",37,NA,NA,NA,NA,NA,NA,NA,NA,NA,NA,0.02,-0.02,-0.02,-234,48,-268,-554,295,-68,27.2,-63.9,-151,"","","","","","",NA,NA,"",NA,NA,"",NA,NA,"",36,NA,NA,NA,NA,NA,NA,NA,NA,NA,NA,0,-0.02,-0.03,193,202,-214,-14,659,478,"A"
"15","carlitos",1323084232,604281,"05/12/2011 11:23","no",12,1.45,8.2,-94.4,3,"","","","","","",NA,NA,"",NA,NA,"",NA,NA,"",NA,NA,NA,NA,NA,NA,NA,NA,NA,NA,0,0,0,-21,2,22,-1,597,-310,-129,21.4,-161,34,NA,NA,NA,NA,NA,NA,NA,NA,NA,NA,0.02,0,-0.03,-289,111,-124,-374,342,510,"","","","","","",NA,NA,NA,NA,NA,NA,NA,NA,NA,13.07948887,-70.67116245,-84.69053461,"","","","","","",NA,NA,"",NA,NA,"",NA,NA,"",37,NA,NA,NA,NA,NA,NA,NA,NA,NA,NA,0,-0.02,0,-234,47,-270,-554,294,-63,27.2,-63.9,-151,"","","","","","",NA,NA,"",NA,NA,"",NA,NA,"",36,NA,NA,NA,NA,NA,NA,NA,NA,NA,NA,0,-0.02,-0.02,192,201,-214,-16,656,472,"A"
"16","carlitos",1323084232,644302,"05/12/2011 11:23","no",12,1.48,8.15,-94.4,3,"","","","","","",NA,NA,"",NA,NA,"",NA,NA,"",NA,NA,NA,NA,NA,NA,NA,NA,NA,NA,0,0,0,-21,4,23,0,592,-305,-129,21.3,-161,34,NA,NA,NA,NA,NA,NA,NA,NA,NA,NA,0.02,0,-0.03,-289,109,-121,-367,340,509,"","","","","","",NA,NA,NA,NA,NA,NA,NA,NA,NA,13.35068947,-70.25176373,-85.03638595,"","","","","","",NA,NA,"",NA,NA,"",NA,NA,"",37,NA,NA,NA,NA,NA,NA,NA,NA,NA,NA,0,-0.02,0,-233,48,-271,-554,297,-73,27.1,-64,-151,"","","","","","",NA,NA,"",NA,NA,"",NA,NA,"",36,NA,NA,NA,NA,NA,NA,NA,NA,NA,NA,0.02,0,0,194,204,-215,-13,656,471,"A"
"17","carlitos",1323084232,692324,"05/12/2011 11:23","no",12,1.51,8.12,-94.4,3,"","","","","","",NA,NA,"",NA,NA,"",NA,NA,"",NA,NA,NA,NA,NA,NA,NA,NA,NA,NA,0,0,-0.02,-21,4,22,-6,598,-317,-129,21.3,-161,34,NA,NA,NA,NA,NA,NA,NA,NA,NA,NA,0.02,0,-0.02,-289,110,-122,-371,337,512,"","","","","","",NA,NA,NA,NA,NA,NA,NA,NA,NA,13.04835112,-70.10639112,-85.26057697,"","","","","","",NA,NA,"",NA,NA,"",NA,NA,"",37,NA,NA,NA,NA,NA,NA,NA,NA,NA,NA,0,-0.02,0,-233,47,-272,-551,296,-56,27.1,-64,-151,"","","","","","",NA,NA,"",NA,NA,"",NA,NA,"",36,NA,NA,NA,NA,NA,NA,NA,NA,NA,NA,0.02,-0.02,0,192,204,-213,-13,653,481,"A"
"18","carlitos",1323084232,732306,"05/12/2011 11:23","no",12,1.55,8.08,-94.4,3,"","","","","","",NA,NA,"",NA,NA,"",NA,NA,"",NA,NA,NA,NA,NA,NA,NA,NA,NA,NA,0,0.02,0,-21,5,21,1,600,-316,-129,21.2,-161,34,NA,NA,NA,NA,NA,NA,NA,NA,NA,NA,0.02,-0.02,-0.03,-288,108,-124,-373,336,510,"","","","","","",NA,NA,NA,NA,NA,NA,NA,NA,NA,13.2064634,-70.3903701,-84.93667392,"","","","","","",NA,NA,"",NA,NA,"",NA,NA,"",36,NA,NA,NA,NA,NA,NA,NA,NA,NA,NA,0.02,-0.02,-0.02,-231,47,-268,-557,292,-62,27,-64,-151,"","","","","","",NA,NA,"",NA,NA,"",NA,NA,"",36,NA,NA,NA,NA,NA,NA,NA,NA,NA,NA,0.02,0,-0.02,192,206,-216,-16,653,472,"A"
"19","carlitos",1323084232,740353,"05/12/2011 11:23","no",12,1.57,8.06,-94.4,3,"","","","","","",NA,NA,"",NA,NA,"",NA,NA,"",NA,NA,NA,NA,NA,NA,NA,NA,NA,NA,0,0,-0.02,-20,5,21,-3,603,-313,-129,21.2,-161,34,NA,NA,NA,NA,NA,NA,NA,NA,NA,NA,0.02,-0.02,-0.02,-289,109,-122,-369,340,509,"","","","","","",NA,NA,NA,NA,NA,NA,NA,NA,NA,13.07574259,-70.28271016,-85.07803122,"","","","","","",NA,NA,"",NA,NA,"",NA,NA,"",37,NA,NA,NA,NA,NA,NA,NA,NA,NA,NA,0,-0.02,-0.02,-233,47,-271,-559,295,-74,26.9,-64,-151,"","","","","","",NA,NA,"",NA,NA,"",NA,NA,"",36,NA,NA,NA,NA,NA,NA,NA,NA,NA,NA,0.02,0,-0.02,192,203,-216,-10,657,466,"A"
"5581","pedro",1323094996,400296,"05/12/2011 14:23","no",69,124,26.4,-3.91,20,"","","","","","",NA,NA,"",NA,NA,"",NA,NA,"",NA,NA,NA,NA,NA,NA,NA,NA,NA,NA,-0.42,-0.03,-0.44,-43,72,-178,1,576,-370,-26.7,0.65,-103,8,NA,NA,NA,NA,NA,NA,NA,NA,NA,NA,1.4,-0.51,0.07,20,6,77,-232,385,537,"","","","","","",NA,NA,NA,NA,NA,NA,NA,NA,NA,-8.134232737,25.82257075,129.9500118,"","","","","","",NA,NA,"",NA,NA,"",NA,NA,"",9,NA,NA,NA,NA,NA,NA,NA,NA,NA,NA,0.48,-0.13,-0.18,22,-7,83,524,-529,-94,113,13.4,81.6,"","","","","","",NA,NA,"",NA,NA,"",NA,NA,"",35,NA,NA,NA,NA,NA,NA,NA,NA,NA,NA,0.22,0.1,0.2,108,274,-173,-238,775,690,"B"
"5582","pedro",1323094996,532289,"05/12/2011 14:23","no",69,124,26.3,-3.77,20,"","","","","","",NA,NA,"",NA,NA,"",NA,NA,"",NA,NA,NA,NA,NA,NA,NA,NA,NA,NA,-0.42,-0.02,-0.46,-39,69,-177,3,582,-372,-26.2,2.61,-106,7,NA,NA,NA,NA,NA,NA,NA,NA,NA,NA,1.16,-0.61,0.33,4,5,70,-279,388,512,"","","","","","",NA,NA,NA,NA,NA,NA,NA,NA,NA,-9.62485314,30.50202469,125.0009011,"","","","","","",NA,NA,"",NA,NA,"",NA,NA,"",8,NA,NA,NA,NA,NA,NA,NA,NA,NA,NA,0.48,-0.13,-0.28,25,-8,79,529,-521,-103,114,13.2,82.7,"","","","","","",NA,NA,"",NA,NA,"",NA,NA,"",35,NA,NA,NA,NA,NA,NA,NA,NA,NA,NA,0.19,0.05,0.23,82,284,-173,-240,776,676,"B"
"5583","pedro",1323094996,544393,"05/12/2011 14:23","no",69,124,26.2,-3.66,19,"","","","","","",NA,NA,"",NA,NA,"",NA,NA,"",NA,NA,NA,NA,NA,NA,NA,NA,NA,NA,-0.4,-0.02,-0.44,-40,68,-174,4,581,-380,-25.9,3.36,-107,7,NA,NA,NA,NA,NA,NA,NA,NA,NA,NA,1.04,-0.66,0.38,0,4,71,-302,389,501,"","","","","","",NA,NA,NA,NA,NA,NA,NA,NA,NA,3.548619107,36.26867051,120.6216294,"","","","","","",NA,NA,"",NA,NA,"",NA,NA,"",9,NA,NA,NA,NA,NA,NA,NA,NA,NA,NA,0.48,-0.18,-0.28,30,3,79,533,-529,-98,114,13.2,83.2,"","","","","","",NA,NA,"",NA,NA,"",NA,NA,"",37,NA,NA,NA,NA,NA,NA,NA,NA,NA,NA,0.16,-0.06,0.13,101,296,-175,-240,782,672,"B"
"5584","pedro",1323094996,552310,"05/12/2011 14:23","no",69,125,26.2,-3.61,20,"","","","","","",NA,NA,"",NA,NA,"",NA,NA,"",NA,NA,NA,NA,NA,NA,NA,NA,NA,NA,-0.42,-0.03,-0.43,-39,70,-176,2,583,-382,-25.5,4.02,-109,7,NA,NA,NA,NA,NA,NA,NA,NA,NA,NA,0.96,-0.67,0.43,1,5,69,-324,388,483,"","","","","","",NA,NA,NA,NA,NA,NA,NA,NA,NA,1.149678471,30.35500373,126.7014687,"","","","","","",NA,NA,"",NA,NA,"",NA,NA,"",9,NA,NA,NA,NA,NA,NA,NA,NA,NA,NA,0.5,-0.18,-0.28,26,1,83,524,-525,-88,114,13.5,83.9,"","","","","","",NA,NA,"",NA,NA,"",NA,NA,"",37,NA,NA,NA,NA,NA,NA,NA,NA,NA,NA,0.21,-0.29,0,100,295,-176,-242,782,679,"B"
"5585","pedro",1323094996,572276,"05/12/2011 14:23","no",69,125,26.1,-3.47,20,"","","","","","",NA,NA,"",NA,NA,"",NA,NA,"",NA,NA,NA,NA,NA,NA,NA,NA,NA,NA,-0.4,-0.03,-0.44,-40,70,-178,3,582,-380,-24.9,5.18,-111,6,NA,NA,NA,NA,NA,NA,NA,NA,NA,NA,0.79,-0.61,0.36,-7,7,61,-354,390,467,"","","","","","",NA,NA,NA,NA,NA,NA,NA,NA,NA,3.457653506,36.52894634,120.3719538,"","","","","","",NA,NA,"",NA,NA,"",NA,NA,"",9,NA,NA,NA,NA,NA,NA,NA,NA,NA,NA,0.47,-0.21,-0.23,31,3,81,532,-516,-97,114,14.3,85.1,"","","","","","",NA,NA,"",NA,NA,"",NA,NA,"",34,NA,NA,NA,NA,NA,NA,NA,NA,NA,NA,0.13,-0.37,-0.03,74,276,-168,-249,786,690,"B"
"5586","pedro",1323094996,600370,"05/12/2011 14:23","no",69,125,26.1,-3.38,20,"","","","","","",NA,NA,"",NA,NA,"",NA,NA,"",NA,NA,NA,NA,NA,NA,NA,NA,NA,NA,-0.39,-0.02,-0.43,-39,70,-178,3,572,-387,-24.6,5.71,-113,6,NA,NA,NA,NA,NA,NA,NA,NA,NA,NA,0.69,-0.53,0.23,-6,8,62,-359,385,466,"","","","","","",NA,NA,NA,NA,NA,NA,NA,NA,NA,1.154033956,32.90269572,124.1551677,"","","","","","",NA,NA,"",NA,NA,"",NA,NA,"",9,NA,NA,NA,NA,NA,NA,NA,NA,NA,NA,0.47,-0.21,-0.2,28,1,82,528,-519,-93,114,14.8,85.7,"","","","","","",NA,NA,"",NA,NA,"",NA,NA,"",35,NA,NA,NA,NA,NA,NA,NA,NA,NA,NA,0.13,-0.43,-0.05,89,290,-166,-256,790,685,"B"
"5587","pedro",1323094996,692335,"05/12/2011 14:23","no",69,125,25.7,-3.01,20,"","","","","","",NA,NA,"",NA,NA,"",NA,NA,"",NA,NA,NA,NA,NA,NA,NA,NA,NA,NA,-0.39,-0.02,-0.44,-42,69,-178,4,575,-389,-25.5,6.7,-116,4,NA,NA,NA,NA,NA,NA,NA,NA,NA,NA,0.14,-0.13,-0.49,7,3,42,-391,369,463,"","","","","","",NA,NA,NA,NA,NA,NA,NA,NA,NA,-6.717451343,30.68507816,125.6206584,"","","","","","",NA,NA,"",NA,NA,"",NA,NA,"",9,NA,NA,NA,NA,NA,NA,NA,NA,NA,NA,0.5,-0.21,-0.18,27,-6,85,534,-506,-90,116,19.2,91.9,"","","","","","",NA,NA,"",NA,NA,"",NA,NA,"",37,NA,NA,NA,NA,NA,NA,NA,NA,NA,NA,0.58,-1.24,0.03,60,317,-169,-322,794,672,"B"
"5588","pedro",1323094996,700442,"05/12/2011 14:23","no",69,125,25.7,-2.96,20,"","","","","","",NA,NA,"",NA,NA,"",NA,NA,"",NA,NA,NA,NA,NA,NA,NA,NA,NA,NA,-0.39,-0.02,-0.44,-40,68,-177,5,584,-368,-25.6,6.61,-116,4,NA,NA,NA,NA,NA,NA,NA,NA,NA,NA,0.1,-0.1,-0.44,7,4,37,-395,369,453,"","","","","","",NA,NA,NA,NA,NA,NA,NA,NA,NA,-11.20306115,29.49276981,125.4100126,"","","","","","",NA,NA,"",NA,NA,"",NA,NA,"",9,NA,NA,NA,NA,NA,NA,NA,NA,NA,NA,0.5,-0.18,-0.18,26,-10,85,537,-512,-88,117,20.5,93.4,"","","","","","",NA,NA,"",NA,NA,"",NA,NA,"",37,NA,NA,NA,NA,NA,NA,NA,NA,NA,NA,0.51,-1.32,-0.1,42,317,-171,-341,787,676,"B"
"5589","pedro",1323094996,764311,"05/12/2011 14:23","no",69,125,25.6,-2.71,20,"","","","","","",NA,NA,"",NA,NA,"",NA,NA,"",NA,NA,NA,NA,NA,NA,NA,NA,NA,NA,-0.4,-0.02,-0.43,-44,67,-178,8,577,-387,-25,5.83,-117,4,NA,NA,NA,NA,NA,NA,NA,NA,NA,NA,-0.11,-0.14,-0.23,1,0,36,-402,361,461,"","","","","","",NA,NA,NA,NA,NA,NA,NA,NA,NA,-7.45241762,28.94359148,127.1379147,"","","","","","",NA,NA,"",NA,NA,"",NA,NA,"",8,NA,NA,NA,NA,NA,NA,NA,NA,NA,NA,0.45,-0.08,-0.2,23,-6,77,533,-515,-91,117,25.2,97.6,"","","","","","",NA,NA,"",NA,NA,"",NA,NA,"",38,NA,NA,NA,NA,NA,NA,NA,NA,NA,NA,0.29,-1.64,-0.51,44,330,-169,-384,786,694,"B"
"5590","pedro",1323094996,836319,"05/12/2011 14:23","no",69,125,25.9,-2.65,20,"","","","","","",NA,NA,"",NA,NA,"",NA,NA,"",NA,NA,NA,NA,NA,NA,NA,NA,NA,NA,-0.5,-0.03,-0.43,-46,70,-182,4,575,-381,-20.7,2.8,-119,3,NA,NA,NA,NA,NA,NA,NA,NA,NA,NA,-0.31,-0.26,0.31,7,-4,27,-400,360,459,"","","","","","",NA,NA,NA,NA,NA,NA,NA,NA,NA,-17.09568559,20.55957515,130.182046,"","","","","","",NA,NA,"",NA,NA,"",NA,NA,"",9,NA,NA,NA,NA,NA,NA,NA,NA,NA,NA,0.55,-0.05,-0.41,18,-15,85,534,-514,-87,118,37.8,108,"","","","","","",NA,NA,"",NA,NA,"",NA,NA,"",35,NA,NA,NA,NA,NA,NA,NA,NA,NA,NA,0.63,-2.15,-0.38,-3,305,-146,-528,743,735,"B"
"5591","pedro",1323094996,868354,"05/12/2011 14:23","no",69,125,26.2,-2.84,20,"","","","","","",NA,NA,"",NA,NA,"",NA,NA,"",NA,NA,NA,NA,NA,NA,NA,NA,NA,NA,-0.55,-0.03,-0.46,-43,70,-183,7,574,-382,-18.2,1.16,-120,2,NA,NA,NA,NA,NA,NA,NA,NA,NA,NA,-0.32,-0.22,0.2,-3,0,20,-393,363,461,"","","","","","",NA,NA,NA,NA,NA,NA,NA,NA,NA,-10.2332584,28.77143979,126.4437486,"","","","","","",NA,NA,"",NA,NA,"",NA,NA,"",9,NA,NA,NA,NA,NA,NA,NA,NA,NA,NA,0.5,-0.08,-0.49,25,-9,84,533,-509,-100,123,44.1,116,"","","","","","",NA,NA,"",NA,NA,"",NA,NA,"",36,NA,NA,NA,NA,NA,NA,NA,NA,NA,NA,0.74,-2.41,-0.34,-41,310,-156,-596,684,718,"B"
"5592","pedro",1323094996,876333,"05/12/2011 14:23","no",69,125,26.2,-2.92,21,"","","","","","",NA,NA,"",NA,NA,"",NA,NA,"",NA,NA,NA,NA,NA,NA,NA,NA,NA,NA,-0.56,-0.02,-0.44,-43,68,-185,7,575,-388,-17.5,0.74,-120,3,NA,NA,NA,NA,NA,NA,NA,NA,NA,NA,-0.32,-0.22,0.18,-1,-1,26,-392,364,461,"","","","","","",NA,NA,NA,NA,NA,NA,NA,NA,NA,-2.250223295,33.23389047,123.7637494,"","","","","","",NA,NA,"",NA,NA,"",NA,NA,"",9,NA,NA,NA,NA,NA,NA,NA,NA,NA,NA,0.48,-0.06,-0.51,29,-2,84,532,-512,-83,125,46.4,120,"","","","","","",NA,NA,"",NA,NA,"",NA,NA,"",35,NA,NA,NA,NA,NA,NA,NA,NA,NA,NA,0.64,-2.5,-0.43,-56,304,-158,-616,655,713,"B"
"5593","pedro",1323094996,876381,"05/12/2011 14:23","no",69,125,26.3,-3.01,20,"","","","","","",NA,NA,"",NA,NA,"",NA,NA,"",NA,NA,NA,NA,NA,NA,NA,NA,NA,NA,-0.56,-0.02,-0.46,-42,68,-183,2,578,-385,-16.8,0.33,-121,3,NA,NA,NA,NA,NA,NA,NA,NA,NA,NA,-0.29,-0.22,0.16,1,-3,25,-397,363,461,"","","","","","",NA,NA,NA,NA,NA,NA,NA,NA,NA,0,36.55182062,120.5278121,"","","","","","",NA,NA,"",NA,NA,"",NA,NA,"",9,NA,NA,NA,NA,NA,NA,NA,NA,NA,NA,0.43,-0.03,-0.46,31,0,81,530,-507,-100,127,48.7,123,"","","","","","",NA,NA,"",NA,NA,"",NA,NA,"",35,NA,NA,NA,NA,NA,NA,NA,NA,NA,NA,0.5,-2.47,-0.57,-68,293,-165,-637,642,704,"B"
"5594","pedro",1323094997,40318,"05/12/2011 14:23","no",70,125,26.6,-3.43,21,"","","","","","",NA,NA,"",NA,NA,"",NA,NA,"",NA,NA,NA,NA,NA,NA,NA,NA,NA,NA,-0.59,-0.02,-0.48,-44,72,-185,2,573,-375,-14.2,-1.05,-122,2,NA,NA,NA,NA,NA,NA,NA,NA,NA,NA,-0.26,-0.27,0.21,-2,0,21,-389,363,467,"","","","","","",NA,NA,NA,NA,NA,NA,NA,NA,NA,5.659331741,34.62562926,121.9558865,"","","","","","",NA,NA,"",NA,NA,"",NA,NA,"",9,NA,NA,NA,NA,NA,NA,NA,NA,NA,NA,0.32,-0.08,-0.43,30,5,83,527,-523,-109,136,57.5,138,"","","","","","",NA,NA,"",NA,NA,"",NA,NA,"",30,NA,NA,NA,NA,NA,NA,NA,NA,NA,NA,0.34,-2.42,-0.84,-74,242,-140,-694,513,695,"B"
"5595","pedro",1323094997,80351,"05/12/2011 14:23","no",70,125,26.7,-3.55,20,"","","","","","",NA,NA,"",NA,NA,"",NA,NA,"",NA,NA,NA,NA,NA,NA,NA,NA,NA,NA,-0.63,-0.02,-0.49,-43,70,-183,-7,576,-386,-13.5,-1.33,-123,2,NA,NA,NA,NA,NA,NA,NA,NA,NA,NA,-0.24,-0.27,0.21,1,-1,21,-396,360,463,"","","","","","",NA,NA,NA,NA,NA,NA,NA,NA,NA,1.149678471,30.35500373,126.7014687,"","","","","","",NA,NA,"",NA,NA,"",NA,NA,"",9,NA,NA,NA,NA,NA,NA,NA,NA,NA,NA,0.31,-0.13,-0.43,26,1,83,527,-513,-112,139,59.3,142,"","","","","","",NA,NA,"",NA,NA,"",NA,NA,"",29,NA,NA,NA,NA,NA,NA,NA,NA,NA,NA,0.47,-2.44,-0.75,-90,228,-142,-702,472,689,"B"
"5596","pedro",1323094997,104344,"05/12/2011 14:23","no",70,125,26.9,-3.71,20,"","","","","","",NA,NA,"",NA,NA,"",NA,NA,"",NA,NA,NA,NA,NA,NA,NA,NA,NA,NA,-0.63,-0.03,-0.49,-39,67,-183,-6,576,-385,-12.8,-1.65,-123,2,NA,NA,NA,NA,NA,NA,NA,NA,NA,NA,-0.22,-0.27,0.25,1,-6,16,-396,375,464,"","","","","","",NA,NA,NA,NA,NA,NA,NA,NA,NA,-3.549612562,28.78688089,128.0622467,"","","","","","",NA,NA,"",NA,NA,"",NA,NA,"",9,NA,NA,NA,NA,NA,NA,NA,NA,NA,NA,0.31,-0.14,-0.39,24,-3,81,533,-519,-111,143,60.9,148,"","","","","","",NA,NA,"",NA,NA,"",NA,NA,"",28,NA,NA,NA,NA,NA,NA,NA,NA,NA,NA,0.58,-2.49,-0.69,-99,215,-142,-718,442,684,"B"
"5597","pedro",1323094997,120417,"05/12/2011 14:23","no",70,125,27,-3.88,20,"","","","","","",NA,NA,"",NA,NA,"",NA,NA,"",NA,NA,NA,NA,NA,NA,NA,NA,NA,NA,-0.58,-0.03,-0.48,-37,70,-182,-1,580,-366,-11.5,-2.24,-124,2,NA,NA,NA,NA,NA,NA,NA,NA,NA,NA,-0.24,-0.26,0.28,-1,-2,15,-395,367,451,"","","","","","",NA,NA,NA,NA,NA,NA,NA,NA,NA,6.050209937,33.26110149,123.2305972,"","","","","","",NA,NA,"",NA,NA,"",NA,NA,"",8,NA,NA,NA,NA,NA,NA,NA,NA,NA,NA,0.19,-0.16,-0.36,27,5,78,527,-513,-114,154,63,161,"","","","","","",NA,NA,"",NA,NA,"",NA,NA,"",28,NA,NA,NA,NA,NA,NA,NA,NA,NA,NA,0.66,-2.49,-0.54,-135,196,-144,-715,339,630,"B"
"5598","pedro",1323094997,140366,"05/12/2011 14:23","no",70,125,27,-3.9,20,"","","","","","",NA,NA,"",NA,NA,"",NA,NA,"",NA,NA,NA,NA,NA,NA,NA,NA,NA,NA,-0.58,-0.03,-0.49,-40,71,-183,-1,577,-371,-10.8,-2.52,-125,2,NA,NA,NA,NA,NA,NA,NA,NA,NA,NA,-0.26,-0.27,0.26,-3,1,17,-394,373,458,"","","","","","",NA,NA,NA,NA,NA,NA,NA,NA,NA,1.388665679,47.60196154,109.4540038,"","","","","","",NA,NA,"",NA,NA,"",NA,NA,"",7,NA,NA,NA,NA,NA,NA,NA,NA,NA,NA,0.11,-0.19,-0.28,33,1,64,531,-517,-121,160,63.5,168,"","","","","","",NA,NA,"",NA,NA,"",NA,NA,"",27,NA,NA,NA,NA,NA,NA,NA,NA,NA,NA,0.71,-2.39,-0.44,-132,188,-139,-714,305,619,"B"
"5599","pedro",1323094997,204289,"05/12/2011 14:23","no",70,124,27.3,-4.19,20,"","","","","","",NA,NA,"",NA,NA,"",NA,NA,"",NA,NA,NA,NA,NA,NA,NA,NA,NA,NA,-0.63,-0.03,-0.52,-41,72,-183,-3,581,-383,-8.96,-3.16,-126,2,NA,NA,NA,NA,NA,NA,NA,NA,NA,NA,-0.24,-0.24,0.23,-1,-4,16,-394,372,454,"","","","","","",NA,NA,NA,NA,NA,NA,NA,NA,NA,-5.955795899,46.27612798,110.3615095,"","","","","","",NA,NA,"",NA,NA,"",NA,NA,"",7,NA,NA,NA,NA,NA,NA,NA,NA,NA,NA,-0.24,-0.1,-0.11,30,-4,60,533,-512,-136,-179,62.4,-168,"","","","","","",NA,NA,"",NA,NA,"",NA,NA,"",29,NA,NA,NA,NA,NA,NA,NA,NA,NA,NA,0.74,-2.65,-0.43,-182,147,-157,-691,165,538,"B"
"5600","pedro",1323094997,224302,"05/12/2011 14:23","no",70,124,27.4,-4.32,20,"","","","","","",NA,NA,"",NA,NA,"",NA,NA,"",NA,NA,NA,NA,NA,NA,NA,NA,NA,NA,-0.61,-0.03,-0.52,-40,70,-179,-4,578,-381,-8.46,-3.35,-126,2,NA,NA,NA,NA,NA,NA,NA,NA,NA,NA,-0.24,-0.24,0.23,-2,-4,17,-386,381,456,"","","","","","",NA,NA,NA,NA,NA,NA,NA,NA,NA,-5.187859732,40.88534338,115.8269856,"","","","","","",NA,NA,"",NA,NA,"",NA,NA,"",6,NA,NA,NA,NA,NA,NA,NA,NA,NA,NA,-0.32,-0.03,-0.1,23,-3,53,534,-513,-130,-173,61.5,-161,"","","","","","",NA,NA,"",NA,NA,"",NA,NA,"",27,NA,NA,NA,NA,NA,NA,NA,NA,NA,NA,0.67,-2.71,-0.44,-181,127,-154,-687,111,512,"B"
"9378","pedro",1323095018,656522,"05/12/2011 14:23","no",89,123,24.8,-0.96,20,"","","","","","",NA,NA,"",NA,NA,"",NA,NA,"",NA,NA,NA,NA,NA,NA,NA,NA,NA,NA,-0.32,-0.06,-0.41,-41,68,-175,11,581,-370,99.8,-4.24,-37.8,49,NA,NA,NA,NA,NA,NA,NA,NA,NA,NA,1.94,-1.83,0.95,387,-186,-215,588,-249,-349,"","","","","","",NA,NA,NA,NA,NA,NA,NA,NA,NA,-20.26401734,23.01158677,126.1712281,"","","","","","",NA,NA,"",NA,NA,"",NA,NA,"",8,NA,NA,NA,NA,NA,NA,NA,NA,NA,NA,0.82,0.26,-0.84,17,-15,71,545,-497,-83,136,17,98.9,"","","","","","",NA,NA,"",NA,NA,"",NA,NA,"",37,NA,NA,NA,NA,NA,NA,NA,NA,NA,NA,-0.67,2.79,0.69,78,330,-120,-447,801,884,"C"
"9379","pedro",1323095018,728289,"05/12/2011 14:23","no",89,123,24.7,-0.78,19,"","","","","","",NA,NA,"",NA,NA,"",NA,NA,"",NA,NA,NA,NA,NA,NA,NA,NA,NA,NA,-0.35,-0.03,-0.36,-46,74,-169,8,590,-372,101,0.07,-31.3,44,NA,NA,NA,NA,NA,NA,NA,NA,NA,NA,2.09,-2.1,0.49,389,-131,-147,640,-215,-314,"","","","","","",NA,NA,NA,NA,NA,NA,NA,NA,NA,-14.13251343,17.69915784,134.3362403,"","","","","","",NA,NA,"",NA,NA,"",NA,NA,"",9,NA,NA,NA,NA,NA,NA,NA,NA,NA,NA,0.96,0.35,-1.1,15,-12,83,542,-509,-86,136,13.9,93.8,"","","","","","",NA,NA,"",NA,NA,"",NA,NA,"",42,NA,NA,NA,NA,NA,NA,NA,NA,NA,NA,-0.39,2.2,0.82,147,351,-144,-359,806,841,"C"
"9380","pedro",1323095018,752292,"05/12/2011 14:23","no",89,123,24.7,-0.78,20,"","","","","","",NA,NA,"",NA,NA,"",NA,NA,"",NA,NA,NA,NA,NA,NA,NA,NA,NA,NA,-0.39,-0.03,-0.39,-49,72,-173,11,583,-381,101,2.32,-28,43,NA,NA,NA,NA,NA,NA,NA,NA,NA,NA,2.18,-2.22,0.13,379,-115,-139,673,-184,-267,"","","","","","",NA,NA,NA,NA,NA,NA,NA,NA,NA,-20.9991619,13.52928732,131.9888109,"","","","","","",NA,NA,"",NA,NA,"",NA,NA,"",8,NA,NA,NA,NA,NA,NA,NA,NA,NA,NA,1.04,0.39,-1.18,11,-17,79,535,-507,-96,137,12.1,91.9,"","","","","","",NA,NA,"",NA,NA,"",NA,NA,"",36,NA,NA,NA,NA,NA,NA,NA,NA,NA,NA,-0.05,2.23,0.74,91,309,-141,-345,804,834,"C"
"9381","pedro",1323095018,840298,"05/12/2011 14:23","no",89,124,25.1,-1.01,19,"","","","","","",NA,NA,"",NA,NA,"",NA,NA,"",NA,NA,NA,NA,NA,NA,NA,NA,NA,NA,-0.5,-0.03,-0.39,-45,74,-170,10,584,-373,102,12,-12.1,37,NA,NA,NA,NA,NA,NA,NA,NA,NA,NA,2.86,-2.52,-0.46,347,-69,-80,750,-71,-129,"","","","","","",NA,NA,NA,NA,NA,NA,NA,NA,NA,-53.67929085,17.12973628,100.1493944,"","","","","","",NA,NA,"",NA,NA,"",NA,NA,"",10,NA,NA,NA,NA,NA,NA,NA,NA,NA,NA,1.04,0.66,-1.33,17,-51,84,515,-543,-91,140,4.82,84.2,"","","","","","",NA,NA,"",NA,NA,"",NA,NA,"",43,NA,NA,NA,NA,NA,NA,NA,NA,NA,NA,0.21,2.3,0.74,156,356,-162,-205,783,759,"C"
"9382","pedro",1323095018,840334,"05/12/2011 14:23","no",89,124,25.2,-1.12,20,"","","","","","",NA,NA,"",NA,NA,"",NA,NA,"",NA,NA,NA,NA,NA,NA,NA,NA,NA,NA,-0.5,-0.03,-0.43,-43,71,-174,4,585,-374,102,14.3,-7.83,34,NA,NA,NA,NA,NA,NA,NA,NA,NA,NA,2.95,-2.54,-0.64,329,-38,-53,759,-22,-59,"","","","","","",NA,NA,NA,NA,NA,NA,NA,NA,NA,-54.75529302,24.68627444,95.80730359,"","","","","","",NA,NA,"",NA,NA,"",NA,NA,"",10,NA,NA,NA,NA,NA,NA,NA,NA,NA,NA,1.09,0.75,-1.39,23,-49,77,499,-546,-108,141,2.88,82.7,"","","","","","",NA,NA,"",NA,NA,"",NA,NA,"",41,NA,NA,NA,NA,NA,NA,NA,NA,NA,NA,0.34,2.2,0.59,137,348,-158,-190,768,747,"C"
"9383","pedro",1323095018,848406,"05/12/2011 14:23","no",89,124,25.2,-1.24,20,"","","","","","",NA,NA,"",NA,NA,"",NA,NA,"",NA,NA,NA,NA,NA,NA,NA,NA,NA,NA,-0.51,-0.02,-0.41,-42,68,-178,3,577,-376,102,16.7,-3.12,34,NA,NA,NA,NA,NA,NA,NA,NA,NA,NA,3.03,-2.52,-0.77,327,-35,-8,758,20,-2,"","","","","","",NA,NA,NA,NA,NA,NA,NA,NA,NA,-39.25086379,31.83086942,105.3855539,"","","","","","",NA,NA,"",NA,NA,"",NA,NA,"",9,NA,NA,NA,NA,NA,NA,NA,NA,NA,NA,1.09,0.83,-1.46,27,-33,75,495,-552,-115,141,1.28,81.6,"","","","","","",NA,NA,"",NA,NA,"",NA,NA,"",39,NA,NA,NA,NA,NA,NA,NA,NA,NA,NA,0.31,1.73,0.59,137,318,-150,-162,759,719,"C"
"9384","pedro",1323095018,848457,"05/12/2011 14:23","no",89,124,25.3,-1.4,20,"","","","","","",NA,NA,"",NA,NA,"",NA,NA,"",NA,NA,NA,NA,NA,NA,NA,NA,NA,NA,-0.53,-0.02,-0.41,-41,68,-179,14,584,-379,103,18.8,1.63,32,NA,NA,NA,NA,NA,NA,NA,NA,NA,NA,3.2,-2.46,-0.79,306,-13,51,759,46,24,"","","","","","",NA,NA,NA,NA,NA,NA,NA,NA,NA,-37.23953695,26.78062049,110.4146706,"","","","","","",NA,NA,"",NA,NA,"",NA,NA,"",9,NA,NA,NA,NA,NA,NA,NA,NA,NA,NA,1.09,0.96,-1.38,24,-33,81,480,-569,-114,142,0.05,80.8,"","","","","","",NA,NA,"",NA,NA,"",NA,NA,"",39,NA,NA,NA,NA,NA,NA,NA,NA,NA,NA,0.29,1.25,0.69,149,316,-159,-150,751,721,"C"
"9385","pedro",1323095018,860374,"05/12/2011 14:23","no",89,124,25.4,-1.73,20,"","","","","","",NA,NA,"",NA,NA,"",NA,NA,"",NA,NA,NA,NA,NA,NA,NA,NA,NA,NA,-0.55,-0.02,-0.41,-41,74,-176,8,581,-383,104,22.5,11.7,27,NA,NA,NA,NA,NA,NA,NA,NA,NA,NA,3.26,-2.28,-0.82,263,11,54,734,103,121,"","","","","","",NA,NA,NA,NA,NA,NA,NA,NA,NA,-33.65345953,2.830818665,123.2978659,"","","","","","",NA,NA,"",NA,NA,"",NA,NA,"",11,NA,NA,NA,NA,NA,NA,NA,NA,NA,NA,0.96,1.28,-0.74,3,-35,100,455,-594,-124,144,-1.93,80.2,"","","","","","",NA,NA,"",NA,NA,"",NA,NA,"",36,NA,NA,NA,NA,NA,NA,NA,NA,NA,NA,0.39,0.87,0.54,102,294,-162,-113,734,672,"C"
"9386","pedro",1323095018,928316,"05/12/2011 14:23","no",89,123,25.6,-2.22,20,"","","","","","",NA,NA,"",NA,NA,"",NA,NA,"",NA,NA,NA,NA,NA,NA,NA,NA,NA,NA,-0.55,-0.02,-0.44,-38,71,-174,5,582,-376,109,26.5,27.3,26,NA,NA,NA,NA,NA,NA,NA,NA,NA,NA,3.28,-2.06,-0.39,228,20,117,643,187,271,"","","","","","",NA,NA,NA,NA,NA,NA,NA,NA,NA,-89.40887727,13.739544,65.7409375,"","","","","","",NA,NA,"",NA,NA,"",NA,NA,"",10,NA,NA,NA,NA,NA,NA,NA,NA,NA,NA,0.82,1.33,-0.28,13,-74,58,408,-624,-116,145,-3.7,79.6,"","","","","","",NA,NA,"",NA,NA,"",NA,NA,"",35,NA,NA,NA,NA,NA,NA,NA,NA,NA,NA,0.18,0.5,0.2,132,272,-170,-95,725,660,"C"
"9387","pedro",1323095018,936347,"05/12/2011 14:23","no",89,123,25.6,-2.36,20,"","","","","","",NA,NA,"",NA,NA,"",NA,NA,"",NA,NA,NA,NA,NA,NA,NA,NA,NA,NA,-0.53,-0.02,-0.44,-35,73,-174,7,581,-370,111,27.6,32.7,24,NA,NA,NA,NA,NA,NA,NA,NA,NA,NA,3.15,-2.07,-0.25,211,30,108,585,219,342,"","","","","","",NA,NA,NA,NA,NA,NA,NA,NA,NA,-68.52138937,26.58067151,81.59275374,"","","","","","",NA,NA,"",NA,NA,"",NA,NA,"",9,NA,NA,NA,NA,NA,NA,NA,NA,NA,NA,0.77,1.2,-0.41,22,-53,61,379,-642,-119,145,-4.03,79.9,"","","","","","",NA,NA,"",NA,NA,"",NA,NA,"",35,NA,NA,NA,NA,NA,NA,NA,NA,NA,NA,0.24,0.24,0.23,141,259,-172,-93,719,651,"C"
"9388","pedro",1323095018,944383,"05/12/2011 14:23","no",89,123,25.7,-2.51,20,"","","","","","",NA,NA,"",NA,NA,"",NA,NA,"",NA,NA,NA,NA,NA,NA,NA,NA,NA,NA,-0.5,-0.02,-0.46,-38,66,-177,4,580,-381,116,29.2,43.2,25,NA,NA,NA,NA,NA,NA,NA,NA,NA,NA,3.1,-2.06,-0.08,182,53,158,500,260,397,"","","","","","",NA,NA,NA,NA,NA,NA,NA,NA,NA,-81.34480555,7.984019395,75.09748714,"","","","","","",NA,NA,"",NA,NA,"",NA,NA,"",12,NA,NA,NA,NA,NA,NA,NA,NA,NA,NA,0.79,1,-0.72,9,-82,77,360,-649,-115,146,-4.91,80.4,"","","","","","",NA,NA,"",NA,NA,"",NA,NA,"",34,NA,NA,NA,NA,NA,NA,NA,NA,NA,NA,0.37,0.31,0.3,113,255,-180,-89,721,645,"C"
"9389","pedro",1323095018,956320,"05/12/2011 14:23","no",89,123,25.7,-2.61,20,"","","","","","",NA,NA,"",NA,NA,"",NA,NA,"",NA,NA,NA,NA,NA,NA,NA,NA,NA,NA,-0.5,-0.02,-0.44,-40,69,-175,0,582,-372,118,29.8,48.5,20,NA,NA,NA,NA,NA,NA,NA,NA,NA,NA,2.95,-2.06,-0.05,130,58,138,431,292,452,"","","","","","",NA,NA,NA,NA,NA,NA,NA,NA,NA,-80.96275559,-1.723967119,76.08712405,"","","","","","",NA,NA,"",NA,NA,"",NA,NA,"",12,NA,NA,NA,NA,NA,NA,NA,NA,NA,NA,0.71,1,-0.66,-2,-84,80,344,-661,-118,147,-5.38,80.7,"","","","","","",NA,NA,"",NA,NA,"",NA,NA,"",35,NA,NA,NA,NA,NA,NA,NA,NA,NA,NA,0.42,0.26,0.26,117,270,-184,-88,719,632,"C"
"9390","pedro",1323095018,964387,"05/12/2011 14:23","no",89,123,25.7,-2.79,20,"","","","","","",NA,NA,"",NA,NA,"",NA,NA,"",NA,NA,NA,NA,NA,NA,NA,NA,NA,NA,-0.48,-0.02,-0.44,-39,72,-178,0,579,-380,126,30.5,63.3,21,NA,NA,NA,NA,NA,NA,NA,NA,NA,NA,2.67,-1.88,0.25,119,67,157,296,332,495,"","","","","","",NA,NA,NA,NA,NA,NA,NA,NA,NA,-93.75490079,-18.8242472,59.60743022,"","","","","","",NA,NA,"",NA,NA,"",NA,NA,"",14,NA,NA,NA,NA,NA,NA,NA,NA,NA,NA,0.59,1.01,-0.49,-26,-112,78,298,-679,-125,147,-6.05,82.7,"","","","","","",NA,NA,"",NA,NA,"",NA,NA,"",36,NA,NA,NA,NA,NA,NA,NA,NA,NA,NA,0.37,-0.32,0.07,99,284,-189,-98,726,640,"C"
"9391","pedro",1323095018,980317,"05/12/2011 14:23","no",89,123,25.7,-2.88,20,"","","","","","",NA,NA,"",NA,NA,"",NA,NA,"",NA,NA,NA,NA,NA,NA,NA,NA,NA,NA,-0.48,-0.02,-0.48,-40,69,-177,9,589,-363,129,30.3,68.1,19,NA,NA,NA,NA,NA,NA,NA,NA,NA,NA,2.59,-1.86,0.33,105,70,133,231,352,506,"","","","","","",NA,NA,NA,NA,NA,NA,NA,NA,NA,-98.55212624,-22.81334541,52.82389624,"","","","","","",NA,NA,"",NA,NA,"",NA,NA,"",16,NA,NA,NA,NA,NA,NA,NA,NA,NA,NA,0.58,1.08,-0.54,-35,-129,78,279,-693,-128,147,-5.93,83.4,"","","","","","",NA,NA,"",NA,NA,"",NA,NA,"",36,NA,NA,NA,NA,NA,NA,NA,NA,NA,NA,0.26,-0.42,0.02,87,292,-180,-102,719,649,"C"
"9392","pedro",1323095018,980350,"05/12/2011 14:23","yes",89,123,25.7,-2.9,20,"-1.135254","-0.621789","#DIV/0!","0.409451","-0.495171","#DIV/0!",-0.8,20,"-1.1",-3.2,18,"-1.1",2.44,2,"0.0000",0.2,123.4,0.5,0.3,25.3,0.4,0.1,-1.7,0.8,0.61,-0.5,-0.02,-0.46,-41,68,-177,2,583,-371,131,30,73,19,112.4103,108.4296,9.9574,99.1499,16.6919,13.1638,173.2859,9.7278,36.9403,1364.5889,2.55,-1.83,0.34,106,72,141,154,369,533,"-1.35139","-1.20551","-0.20332","-0.26437","0.25206","0.87725",30.5,84.5,59,-10,-48.3,19,40.5,132.8,40,-100.2,-24.9,50,"3.9712","-0.4629","#DIV/0!","1.0368","-0.4859","#DIV/0!",91.5,142,"4.0",-24.9,37.5,"4.0",116.37,104.49,"0.00",16,5.9088,-51.8038,28.4092,807.0842,11.7834,16.9026,285.6968,99.2105,25.8796,669.755,0.53,1.09,-0.61,-38,-130,74,268,-694,-128,147,-5.71,84.4,"-1.5119","-1.0763","#DIV/0!","-0.0090","-0.7456","#DIV/0!",57.7,178,"-1.5",-6.1,-172,"-1.5",63.75,350,"0.00",38,6.14815,142.03704,4.29205,18.42165,2.67815,8.83389,78.03765,85.79259,7.52779,56.66764,0.22,-0.48,-0.1,112,303,-181,-105,727,652,"C"
"9393","pedro",1323095019,12270,"05/12/2011 14:23","no",90,123,25.8,-2.96,20,"","","","","","",NA,NA,"",NA,NA,"",NA,NA,"",NA,NA,NA,NA,NA,NA,NA,NA,NA,NA,-0.5,-0.02,-0.46,-38,69,-176,-1,584,-358,134,29.4,77.4,20,NA,NA,NA,NA,NA,NA,NA,NA,NA,NA,2.65,-1.81,0.36,97,74,151,125,380,524,"","","","","","",NA,NA,NA,NA,NA,NA,NA,NA,NA,-97.60772345,-22.84246176,53.80669548,"","","","","","",NA,NA,"",NA,NA,"",NA,NA,"",17,NA,NA,NA,NA,NA,NA,NA,NA,NA,NA,0.56,1.11,-0.74,-38,-139,86,246,-696,-128,147,-5.42,85.4,"","","","","","",NA,NA,"",NA,NA,"",NA,NA,"",38,NA,NA,NA,NA,NA,NA,NA,NA,NA,NA,0.27,-0.71,-0.18,117,299,-180,-115,733,656,"C"
"9394","pedro",1323095019,108322,"05/12/2011 14:23","no",90,123,25.8,-3.09,20,"","","","","","",NA,NA,"",NA,NA,"",NA,NA,"",NA,NA,NA,NA,NA,NA,NA,NA,NA,NA,-0.5,-0.02,-0.44,-42,70,-177,2,577,-383,141,26.3,91,14,NA,NA,NA,NA,NA,NA,NA,NA,NA,NA,2.63,-1.59,0.38,19,66,122,-52,409,529,"","","","","","",NA,NA,NA,NA,NA,NA,NA,NA,NA,-96.29499083,-33.4558238,48.6200481,"","","","","","",NA,NA,"",NA,NA,"",NA,NA,"",16,NA,NA,NA,NA,NA,NA,NA,NA,NA,NA,0.45,1.14,-1.07,-52,-130,74,201,-720,-153,146,-3.75,90,"","","","","","",NA,NA,"",NA,NA,"",NA,NA,"",38,NA,NA,NA,NA,NA,NA,NA,NA,NA,NA,0.31,-1.14,-0.21,110,316,-168,-160,753,664,"C"
"9395","pedro",1323095019,108372,"05/12/2011 14:23","no",90,123,25.8,-3.22,20,"","","","","","",NA,NA,"",NA,NA,"",NA,NA,"",NA,NA,NA,NA,NA,NA,NA,NA,NA,NA,-0.5,-0.02,-0.44,-42,69,-174,4,583,-373,143,24.8,95.4,13,NA,NA,NA,NA,NA,NA,NA,NA,NA,NA,2.62,-1.54,0.41,-1,66,112,-120,417,507,"","","","","","",NA,NA,NA,NA,NA,NA,NA,NA,NA,-98.4368772,-32.8079612,46.66533448,"","","","","","",NA,NA,"",NA,NA,"",NA,NA,"",17,NA,NA,NA,NA,NA,NA,NA,NA,NA,NA,0.45,1.14,-1.05,-53,-137,74,176,-718,-172,145,-3.01,91.8,"","","","","","",NA,NA,"",NA,NA,"",NA,NA,"",37,NA,NA,NA,NA,NA,NA,NA,NA,NA,NA,0.37,-1.4,-0.31,99,313,-164,-182,759,683,"C"
"9396","pedro",1323095019,128286,"05/12/2011 14:23","no",90,123,25.8,-3.29,20,"","","","","","",NA,NA,"",NA,NA,"",NA,NA,"",NA,NA,NA,NA,NA,NA,NA,NA,NA,NA,-0.5,-0.02,-0.46,-40,70,-174,2,581,-379,145,23.2,99.4,13,NA,NA,NA,NA,NA,NA,NA,NA,NA,NA,2.6,-1.54,0.38,-15,68,110,-156,426,504,"","","","","","",NA,NA,NA,NA,NA,NA,NA,NA,NA,-101.6882506,-35.65832404,40.44379383,"","","","","","",NA,NA,"",NA,NA,"",NA,NA,"",16,NA,NA,NA,NA,NA,NA,NA,NA,NA,NA,0.37,1.16,-0.97,-55,-134,62,169,-725,-179,145,-2.05,93.9,"","","","","","",NA,NA,"",NA,NA,"",NA,NA,"",37,NA,NA,NA,NA,NA,NA,NA,NA,NA,NA,0.32,-1.54,-0.34,79,311,-164,-201,763,694,"C"
"9397","pedro",1323095019,144282,"05/12/2011 14:23","no",90,123,25.9,-3.4,20,"","","","","","",NA,NA,"",NA,NA,"",NA,NA,"",NA,NA,NA,NA,NA,NA,NA,NA,NA,NA,-0.51,-0.02,-0.46,-40,70,-175,0,582,-376,147,21.5,104,12,NA,NA,NA,NA,NA,NA,NA,NA,NA,NA,2.57,-1.54,0.25,-26,65,96,-216,421,489,"","","","","","",NA,NA,NA,NA,NA,NA,NA,NA,NA,-89.80844968,-43.88949034,47.31944892,"","","","","","",NA,NA,"",NA,NA,"",NA,NA,"",17,NA,NA,NA,NA,NA,NA,NA,NA,NA,NA,0.34,1.08,-1,-69,-127,74,142,-718,-182,145,-1.05,95.6,"","","","","","",NA,NA,"",NA,NA,"",NA,NA,"",38,NA,NA,NA,NA,NA,NA,NA,NA,NA,NA,0.19,-1.59,-0.36,72,323,-161,-232,781,699,"C"
"12800","carlitos",1323084326,44298,"05/12/2011 11:25","no",19,1.29,6.73,-93.4,3,"","","","","","",NA,NA,"",NA,NA,"",NA,NA,"",NA,NA,NA,NA,NA,NA,NA,NA,NA,NA,-0.02,0,0,-18,5,20,3,605,-312,54.3,-3.45,68.4,17,NA,NA,NA,NA,NA,NA,NA,NA,NA,NA,-1.09,0.35,0.03,-104,132,31,198,201,578,"","","","","","",NA,NA,NA,NA,NA,NA,NA,NA,NA,95.01409787,6.426771909,61.62896361,"","","","","","",NA,NA,"",NA,NA,"",NA,NA,"",5,NA,NA,NA,NA,NA,NA,NA,NA,NA,NA,0.02,0.08,-0.07,3,38,27,-500,364,-10,-131,29.6,-106,"","","","","","",NA,NA,"",NA,NA,"",NA,NA,"",26,NA,NA,NA,NA,NA,NA,NA,NA,NA,NA,0.47,1.85,0.31,-79,-164,-173,-244,-461,245,"D"
"12801","carlitos",1323084326,64292,"05/12/2011 11:25","no",19,1.31,6.7,-93.4,3,"","","","","","",NA,NA,"",NA,NA,"",NA,NA,"",NA,NA,NA,NA,NA,NA,NA,NA,NA,NA,-0.02,0.02,-0.02,-19,4,22,-4,604,-314,54.4,-4.86,67.3,17,NA,NA,NA,NA,NA,NA,NA,NA,NA,NA,-1.24,0.4,0.05,-103,130,27,227,199,588,"","","","","","",NA,NA,NA,NA,NA,NA,NA,NA,NA,93.83081845,7.338941909,62.68400078,"","","","","","",NA,NA,"",NA,NA,"",NA,NA,"",4,NA,NA,NA,NA,NA,NA,NA,NA,NA,NA,0.02,0.1,-0.05,3,33,24,-495,371,-10,-132,31.2,-109,"","","","","","",NA,NA,"",NA,NA,"",NA,NA,"",27,NA,NA,NA,NA,NA,NA,NA,NA,NA,NA,0.43,1.96,0.33,-107,-161,-177,-271,-445,259,"D"
"12802","carlitos",1323084326,76307,"05/12/2011 11:25","no",19,1.34,6.68,-93.4,3,"","","","","","",NA,NA,"",NA,NA,"",NA,NA,"",NA,NA,NA,NA,NA,NA,NA,NA,NA,NA,-0.02,0,0,-19,4,22,-1,601,-310,54.6,-6.2,66.1,17,NA,NA,NA,NA,NA,NA,NA,NA,NA,NA,-1.33,0.45,0.02,-97,130,24,242,190,590,"","","","","","",NA,NA,NA,NA,NA,NA,NA,NA,NA,96.91036865,9.713842124,59.15736481,"","","","","","",NA,NA,"",NA,NA,"",NA,NA,"",4,NA,NA,NA,NA,NA,NA,NA,NA,NA,NA,0.03,0.1,-0.05,4,34,23,-497,367,-12,-133,33.3,-112,"","","","","","",NA,NA,"",NA,NA,"",NA,NA,"",27,NA,NA,NA,NA,NA,NA,NA,NA,NA,NA,0.34,2.28,0.3,-125,-148,-183,-308,-415,280,"D"
"12803","carlitos",1323084326,208329,"05/12/2011 11:25","no",19,1.45,6.43,-93.4,3,"","","","","","",NA,NA,"",NA,NA,"",NA,NA,"",NA,NA,NA,NA,NA,NA,NA,NA,NA,NA,-0.03,0,-0.03,-14,2,23,2,594,-317,54.1,-17,58,14,NA,NA,NA,NA,NA,NA,NA,NA,NA,NA,-1.78,0.74,-0.46,-62,123,7,410,111,521,"","","","","","",NA,NA,NA,NA,NA,NA,NA,NA,NA,107.2973994,13.41053322,47.62084599,"","","","","","",NA,NA,"",NA,NA,"",NA,NA,"",5,NA,NA,NA,NA,NA,NA,NA,NA,NA,NA,0.02,0,-0.05,7,46,24,-493,365,-4,-142,45.6,-133,"","","","","","",NA,NA,"",NA,NA,"",NA,NA,"",25,NA,NA,NA,NA,NA,NA,NA,NA,NA,NA,0.39,2.7,0.51,-162,-26,-187,-494,-228,371,"D"
"12804","carlitos",1323084326,208375,"05/12/2011 11:25","no",19,1.42,6.36,-93.4,3,"","","","","","",NA,NA,"",NA,NA,"",NA,NA,"",NA,NA,NA,NA,NA,NA,NA,NA,NA,NA,-0.02,0,-0.03,-15,3,26,-8,607,-318,54,-19.3,56.3,13,NA,NA,NA,NA,NA,NA,NA,NA,NA,NA,-1.86,0.77,-0.51,-50,121,6,432,95,506,"","","","","","",NA,NA,NA,NA,NA,NA,NA,NA,NA,103.4843699,16.85595098,50.32978253,"","","","","","",NA,NA,"",NA,NA,"",NA,NA,"",5,NA,NA,NA,NA,NA,NA,NA,NA,NA,NA,0.03,0,-0.08,8,41,23,-494,373,-6,-145,47.5,-138,"","","","","","",NA,NA,"",NA,NA,"",NA,NA,"",25,NA,NA,NA,NA,NA,NA,NA,NA,NA,NA,0.51,2.68,0.59,-166,-23,-175,-511,-205,369,"D"
"12805","carlitos",1323084326,236290,"05/12/2011 11:25","no",19,1.39,6.31,-93.4,3,"","","","","","",NA,NA,"",NA,NA,"",NA,NA,"",NA,NA,NA,NA,NA,NA,NA,NA,NA,NA,0.03,0.02,-0.02,-13,0,25,-6,600,-316,53.7,-23.2,53,12,NA,NA,NA,NA,NA,NA,NA,NA,NA,NA,-1.98,0.75,-0.49,-30,109,-1,486,72,470,"","","","","","",NA,NA,NA,NA,NA,NA,NA,NA,NA,95.82415885,18.2835137,57.69313452,"","","","","","",NA,NA,"",NA,NA,"",NA,NA,"",6,NA,NA,NA,NA,NA,NA,NA,NA,NA,NA,0,0,-0.07,10,45,30,-491,369,-12,-150,50.4,-147,"","","","","","",NA,NA,"",NA,NA,"",NA,NA,"",31,NA,NA,NA,NA,NA,NA,NA,NA,NA,NA,0.45,2.49,0.74,-223,60,-195,-569,-116,404,"D"
"12806","carlitos",1323084326,252327,"05/12/2011 11:25","no",19,1.36,6.31,-93.4,3,"","","","","","",NA,NA,"",NA,NA,"",NA,NA,"",NA,NA,NA,NA,NA,NA,NA,NA,NA,NA,0.05,0.02,-0.02,-11,0,28,-1,606,-315,53.6,-24.8,51.4,11,NA,NA,NA,NA,NA,NA,NA,NA,NA,NA,-2.01,0.75,-0.46,-26,103,-7,524,47,448,"","","","","","",NA,NA,NA,NA,NA,NA,NA,NA,NA,98.31371318,22.51823369,53.22389591,"","","","","","",NA,NA,"",NA,NA,"",NA,NA,"",5,NA,NA,NA,NA,NA,NA,NA,NA,NA,NA,-0.02,-0.02,-0.02,11,41,25,-495,378,-2,-153,51.5,-152,"","","","","","",NA,NA,"",NA,NA,"",NA,NA,"",28,NA,NA,NA,NA,NA,NA,NA,NA,NA,NA,0.4,2.42,0.69,-198,55,-189,-584,-91,414,"D"
"12807","carlitos",1323084326,268334,"05/12/2011 11:25","no",19,1.35,6.37,-93.4,3,"","","","","","",NA,NA,"",NA,NA,"",NA,NA,"",NA,NA,NA,NA,NA,NA,NA,NA,NA,NA,0.1,0.02,0,-15,5,24,3,601,-320,53.3,-27.8,48,10,NA,NA,NA,NA,NA,NA,NA,NA,NA,NA,-2.1,0.79,-0.48,-8,100,-19,580,11,415,"","","","","","",NA,NA,NA,NA,NA,NA,NA,NA,NA,104.7332899,15.21526749,49.65001354,"","","","","","",NA,NA,"",NA,NA,"",NA,NA,"",5,NA,NA,NA,NA,NA,NA,NA,NA,NA,NA,0.03,0.02,-0.08,7,40,22,-501,370,-6,-159,53.6,-163,"","","","","","",NA,NA,"",NA,NA,"",NA,NA,"",33,NA,NA,NA,NA,NA,NA,NA,NA,NA,NA,0.21,2.79,0.71,-244,80,-204,-630,9,436,"D"
"12808","carlitos",1323084326,268378,"05/12/2011 11:25","no",19,1.39,6.45,-93.3,3,"","","","","","",NA,NA,"",NA,NA,"",NA,NA,"",NA,NA,NA,NA,NA,NA,NA,NA,NA,NA,0.1,0.02,0,-17,5,26,1,600,-312,53.1,-29.3,46.2,10,NA,NA,NA,NA,NA,NA,NA,NA,NA,NA,-2.12,0.8,-0.54,4,94,-22,607,1,388,"","","","","","",NA,NA,NA,NA,NA,NA,NA,NA,NA,97.73833111,8.513222858,58.55901677,"","","","","","",NA,NA,"",NA,NA,"",NA,NA,"",5,NA,NA,NA,NA,NA,NA,NA,NA,NA,NA,0.05,0.03,-0.11,4,39,26,-488,365,-8,-164,54.7,-170,"","","","","","",NA,NA,"",NA,NA,"",NA,NA,"",31,NA,NA,NA,NA,NA,NA,NA,NA,NA,NA,0.14,3.32,0.57,-193,111,-200,-640,42,453,"D"
"12809","carlitos",1323084326,284308,"05/12/2011 11:25","no",19,1.42,6.52,-93.3,3,"","","","","","",NA,NA,"",NA,NA,"",NA,NA,"",NA,NA,NA,NA,NA,NA,NA,NA,NA,NA,0.08,0,0,-20,5,23,2,604,-305,52.9,-30.6,44.6,9,NA,NA,NA,NA,NA,NA,NA,NA,NA,NA,-2.14,0.8,-0.59,12,89,-21,622,-25,373,"","","","","","",NA,NA,NA,NA,NA,NA,NA,NA,NA,95.96250245,9.765232473,60.10196614,"","","","","","",NA,NA,"",NA,NA,"",NA,NA,"",5,NA,NA,NA,NA,NA,NA,NA,NA,NA,NA,0.05,0.05,-0.11,5,42,29,-491,370,-4,-169,55.2,-177,"","","","","","",NA,NA,"",NA,NA,"",NA,NA,"",28,NA,NA,NA,NA,NA,NA,NA,NA,NA,NA,0.24,2.95,0.56,-138,131,-196,-654,98,463,"D"
"12810","carlitos",1323084326,364286,"05/12/2011 11:25","no",19,1.55,6.78,-93.3,3,"","","","","","",NA,NA,"",NA,NA,"",NA,NA,"",NA,NA,NA,NA,NA,NA,NA,NA,NA,NA,0.03,-0.02,-0.02,-19,7,21,4,600,-299,53.5,-38.6,36.9,11,NA,NA,NA,NA,NA,NA,NA,NA,NA,NA,-2.17,0.72,-0.34,54,58,-75,697,-89,285,"","","","","","",NA,NA,NA,NA,NA,NA,NA,NA,NA,92.36894371,15.40375366,62.24539072,"","","","","","",NA,NA,"",NA,NA,"",NA,NA,"",3,NA,NA,NA,NA,NA,NA,NA,NA,NA,NA,0.13,0.08,-0.05,5,26,19,-493,373,-9,173,53.3,157,"","","","","","",NA,NA,"",NA,NA,"",NA,NA,"",36,NA,NA,NA,NA,NA,NA,NA,NA,NA,NA,0.43,3.03,0.38,-191,206,-210,-684,283,479,"D"
"12811","carlitos",1323084326,448298,"05/12/2011 11:25","no",19,1.57,6.85,-93.3,3,"","","","","","",NA,NA,"",NA,NA,"",NA,NA,"",NA,NA,NA,NA,NA,NA,NA,NA,NA,NA,0,0.02,0,-21,3,22,3,596,-320,56.9,-45.5,29.3,14,NA,NA,NA,NA,NA,NA,NA,NA,NA,NA,-2.14,0.69,-0.39,81,45,-106,743,-143,188,"","","","","","",NA,NA,NA,NA,NA,NA,NA,NA,NA,111.3389268,12.49359638,43.75019995,"","","","","","",NA,NA,"",NA,NA,"",NA,NA,"",4,NA,NA,NA,NA,NA,NA,NA,NA,NA,NA,0.27,0.03,-0.28,5,36,17,-497,372,-12,162,50.5,140,"","","","","","",NA,NA,"",NA,NA,"",NA,NA,"",43,NA,NA,NA,NA,NA,NA,NA,NA,NA,NA,0.08,2.92,0.52,-185,302,-229,-669,374,487,"D"
"12812","carlitos",1323084326,512297,"05/12/2011 11:25","no",19,1.58,6.83,-93.3,3,"","","","","","",NA,NA,"",NA,NA,"",NA,NA,"",NA,NA,NA,NA,NA,NA,NA,NA,NA,NA,-0.02,0,-0.02,-18,7,18,4,598,-314,60,-50.1,23.7,16,NA,NA,NA,NA,NA,NA,NA,NA,NA,NA,-2.04,0.71,-0.49,93,34,-124,761,-154,126,"","","","","","",NA,NA,NA,NA,NA,NA,NA,NA,NA,115.6539668,13.43672429,38.93235123,"","","","","","",NA,NA,"",NA,NA,"",NA,NA,"",5,NA,NA,NA,NA,NA,NA,NA,NA,NA,NA,0.32,0.1,-0.18,6,41,17,-500,374,-15,156,47.9,131,"","","","","","",NA,NA,"",NA,NA,"",NA,NA,"",39,NA,NA,NA,NA,NA,NA,NA,NA,NA,NA,0.02,2.3,0.26,-172,275,-194,-648,453,499,"D"
"12813","carlitos",1323084326,516295,"05/12/2011 11:25","no",19,1.62,6.8,-93.3,3,"","","","","","",NA,NA,"",NA,NA,"",NA,NA,"",NA,NA,NA,NA,NA,NA,NA,NA,NA,NA,-0.02,0,-0.02,-18,5,19,3,600,-308,61.6,-52.2,20.9,17,NA,NA,NA,NA,NA,NA,NA,NA,NA,NA,-1.96,0.69,-0.51,102,32,-132,770,-193,98,"","","","","","",NA,NA,NA,NA,NA,NA,NA,NA,NA,122.4331591,8.760775149,33.43010346,"","","","","","",NA,NA,"",NA,NA,"",NA,NA,"",5,NA,NA,NA,NA,NA,NA,NA,NA,NA,NA,0.37,0.1,-0.2,4,43,15,-487,372,-10,154,46.8,128,"","","","","","",NA,NA,"",NA,NA,"",NA,NA,"",37,NA,NA,NA,NA,NA,NA,NA,NA,NA,NA,0.03,1.98,0.64,-172,257,-190,-642,475,500,"D"
"12814","carlitos",1323084326,540337,"05/12/2011 11:25","no",19,1.64,6.79,-93.3,3,"","","","","","",NA,NA,"",NA,NA,"",NA,NA,"",NA,NA,NA,NA,NA,NA,NA,NA,NA,NA,0,0,-0.02,-17,4,19,-1,603,-318,64,-54.8,17.3,20,NA,NA,NA,NA,NA,NA,NA,NA,NA,NA,-1.93,0.69,-0.54,113,22,-157,765,-200,74,"","","","","","",NA,NA,NA,NA,NA,NA,NA,NA,NA,113.5795327,11.60307711,41.71943731,"","","","","","",NA,NA,"",NA,NA,"",NA,NA,"",5,NA,NA,NA,NA,NA,NA,NA,NA,NA,NA,0.37,0.13,-0.2,6,47,21,-496,375,-21,153,45.4,125,"","","","","","",NA,NA,"",NA,NA,"",NA,NA,"",41,NA,NA,NA,NA,NA,NA,NA,NA,NA,NA,0.21,1.91,0.74,-167,306,-206,-627,503,492,"D"
"12815","carlitos",1323084326,560307,"05/12/2011 11:25","no",19,1.64,6.77,-93.3,3,"","","","","","",NA,NA,"",NA,NA,"",NA,NA,"",NA,NA,NA,NA,NA,NA,NA,NA,NA,NA,0,0,-0.02,-18,2,17,-4,601,-310,67.5,-57.6,12.6,21,NA,NA,NA,NA,NA,NA,NA,NA,NA,NA,-1.94,0.67,-0.56,121,20,-160,772,-205,52,"","","","","","",NA,NA,NA,NA,NA,NA,NA,NA,NA,118.9465403,9.485341082,36.81636135,"","","","","","",NA,NA,"",NA,NA,"",NA,NA,"",5,NA,NA,NA,NA,NA,NA,NA,NA,NA,NA,0.35,0.18,-0.13,5,49,19,-486,382,-12,151,43.8,122,"","","","","","",NA,NA,"",NA,NA,"",NA,NA,"",45,NA,NA,NA,NA,NA,NA,NA,NA,NA,NA,0.39,1.94,0.49,-178,343,-214,-615,520,476,"D"
"12816","carlitos",1323084326,580406,"05/12/2011 11:25","no",19,1.61,6.78,-93.3,3,"","","","","","",NA,NA,"",NA,NA,"",NA,NA,"",NA,NA,NA,NA,NA,NA,NA,NA,NA,NA,0.02,0,-0.02,-18,3,18,4,595,-313,71.7,-60.3,7.39,22,NA,NA,NA,NA,NA,NA,NA,NA,NA,NA,-1.96,0.66,-0.52,124,9,-180,776,-216,12,"","","","","","",NA,NA,NA,NA,NA,NA,NA,NA,NA,125.3297789,10.98383378,29.66452536,"","","","","","",NA,NA,"",NA,NA,"",NA,NA,"",6,NA,NA,NA,NA,NA,NA,NA,NA,NA,NA,0.37,0.24,-0.05,6,52,16,-495,380,-19,151,42.3,120,"","","","","","",NA,NA,"",NA,NA,"",NA,NA,"",43,NA,NA,NA,NA,NA,NA,NA,NA,NA,NA,0.4,1.48,0.44,-201,307,-200,-604,530,470,"D"
"12817","carlitos",1323084326,612468,"05/12/2011 11:25","no",19,1.6,6.79,-93.3,3,"","","","","","",NA,NA,"",NA,NA,"",NA,NA,"",NA,NA,NA,NA,NA,NA,NA,NA,NA,NA,0.02,0,-0.02,-19,2,16,1,605,-311,77,-62.8,1.29,24,NA,NA,NA,NA,NA,NA,NA,NA,NA,NA,-1.98,0.64,-0.48,132,4,-191,771,-240,-16,"","","","","","",NA,NA,NA,NA,NA,NA,NA,NA,NA,127.6547602,20.65411303,20.65411303,"","","","","","",NA,NA,"",NA,NA,"",NA,NA,"",6,NA,NA,NA,NA,NA,NA,NA,NA,NA,NA,0.35,0.29,0,12,56,12,-480,389,-22,150,41.4,119,"","","","","","",NA,NA,"",NA,NA,"",NA,NA,"",44,NA,NA,NA,NA,NA,NA,NA,NA,NA,NA,0.27,1.19,0.54,-202,321,-205,-590,544,464,"D"
"12818","carlitos",1323084326,660345,"05/12/2011 11:25","no",19,1.57,6.79,-93.3,2,"","","","","","",NA,NA,"",NA,NA,"",NA,NA,"",NA,NA,NA,NA,NA,NA,NA,NA,NA,NA,0,0.02,0,-17,3,17,3,598,-317,97.6,-67.4,-21.3,26,NA,NA,NA,NA,NA,NA,NA,NA,NA,NA,-1.91,0.58,-0.31,137,-6,-216,758,-257,-85,"","","","","","",NA,NA,NA,NA,NA,NA,NA,NA,NA,127.5178074,29.41072172,2.899261334,"","","","","","",NA,NA,"",NA,NA,"",NA,NA,"",4,NA,NA,NA,NA,NA,NA,NA,NA,NA,NA,0.27,0.24,0.03,10,33,1,-482,393,-27,149,39,115,"","","","","","",NA,NA,"",NA,NA,"",NA,NA,"",46,NA,NA,NA,NA,NA,NA,NA,NA,NA,NA,0.08,0.69,0.08,-198,351,-208,-576,562,459,"D"
"12819","carlitos",1323084326,868300,"05/12/2011 11:25","no",19,1.59,6.77,-93.3,3,"","","","","","",NA,NA,"",NA,NA,"",NA,NA,"",NA,NA,NA,NA,NA,NA,NA,NA,NA,NA,0,0.02,0,-13,0,23,-2,601,-314,121,-67.5,-45.8,33,NA,NA,NA,NA,NA,NA,NA,NA,NA,NA,-1.83,0.47,-0.15,126,-35,-292,718,-286,-161,"","","","","","",NA,NA,NA,NA,NA,NA,NA,NA,NA,101.6488831,55.43074962,0,"","","","","","",NA,NA,"",NA,NA,"",NA,NA,"",3,NA,NA,NA,NA,NA,NA,NA,NA,NA,NA,0.02,0.05,-0.03,13,21,0,-482,393,-32,149,38.6,116,"","","","","","",NA,NA,"",NA,NA,"",NA,NA,"",45,NA,NA,NA,NA,NA,NA,NA,NA,NA,NA,0.19,-0.32,0.02,-188,340,-200,-570,563,447,"D"
"16016","eurico",1322489729,70653,"28/11/2011 14:15","no",1,3.58,43.7,-82.3,1,"","","","","","",NA,NA,"",NA,NA,"",NA,NA,"",NA,NA,NA,NA,NA,NA,NA,NA,NA,NA,1.88,0.08,0.05,-2,-6,8,409,511,-244,125,-46.8,-43.7,35,NA,NA,NA,NA,NA,NA,NA,NA,NA,NA,2.91,-0.69,-0.15,156,44,-307,613,-198,-319,"","","","","","",NA,NA,NA,NA,NA,NA,NA,NA,NA,55.4698307,6.875243852,101.0841063,"","","","","","",NA,NA,"",NA,NA,"",NA,NA,"",4,NA,NA,NA,NA,NA,NA,NA,NA,NA,NA,-0.31,0.16,0.05,3,23,37,-468,190,275,-114,26,137,"","","","","","",NA,NA,"",NA,NA,"",NA,NA,"",32,NA,NA,NA,NA,NA,NA,NA,NA,NA,NA,-0.05,-0.27,-0.72,-182,172,185,-1130,1400,-863,"E"
"16017","eurico",1322489729,82654,"28/11/2011 14:15","no",1,3.56,44.4,-82.1,1,"","","","","","",NA,NA,"",NA,NA,"",NA,NA,"",NA,NA,NA,NA,NA,NA,NA,NA,NA,NA,1.8,0.03,0.08,-6,-5,7,422,513,-221,120,-48.1,-38.1,35,NA,NA,NA,NA,NA,NA,NA,NA,NA,NA,3.08,-0.72,-0.23,158,52,-305,646,-186,-268,"","","","","","",NA,NA,NA,NA,NA,NA,NA,NA,NA,55.94485974,11.07929719,99.78455638,"","","","","","",NA,NA,"",NA,NA,"",NA,NA,"",5,NA,NA,NA,NA,NA,NA,NA,NA,NA,NA,-0.31,0.16,0.07,5,24,38,-469,184,285,-115,25.8,137,"","","","","","",NA,NA,"",NA,NA,"",NA,NA,"",33,NA,NA,NA,NA,NA,NA,NA,NA,NA,NA,0.02,-0.24,-0.79,-185,182,188,-1120,1400,-855,"E"
"16018","eurico",1322489729,90637,"28/11/2011 14:15","no",1,3.57,45.1,-81.9,1,"","","","","","",NA,NA,"",NA,NA,"",NA,NA,"",NA,NA,NA,NA,NA,NA,NA,NA,NA,NA,1.77,0,0.13,-4,-9,0,418,508,-208,115,-49.1,-31.7,34,NA,NA,NA,NA,NA,NA,NA,NA,NA,NA,3.2,-0.77,-0.25,163,55,-288,670,-175,-241,"","","","","","",NA,NA,NA,NA,NA,NA,NA,NA,NA,55.21173932,11.42683324,100.4225829,"","","","","","",NA,NA,"",NA,NA,"",NA,NA,"",4,NA,NA,NA,NA,NA,NA,NA,NA,NA,NA,-0.31,0.14,0.07,5,23,37,-468,189,292,-117,25.5,137,"","","","","","",NA,NA,"",NA,NA,"",NA,NA,"",34,NA,NA,NA,NA,NA,NA,NA,NA,NA,NA,0.08,-0.27,-0.82,-188,195,188,-1100,1400,-843,"E"
"16019","eurico",1322489729,190665,"28/11/2011 14:15","no",1,3.31,46.2,-81.9,3,"","","","","","",NA,NA,"",NA,NA,"",NA,NA,"",NA,NA,NA,NA,NA,NA,NA,NA,NA,NA,1.78,-0.06,0.15,1,-24,-8,438,508,-176,104,-49.9,-18.5,29,NA,NA,NA,NA,NA,NA,NA,NA,NA,NA,3.5,-0.83,-0.31,165,67,-225,721,-161,-121,"","","","","","",NA,NA,NA,NA,NA,NA,NA,NA,NA,55.4659041,14.41312778,99.33471192,"","","","","","",NA,NA,"",NA,NA,"",NA,NA,"",4,NA,NA,NA,NA,NA,NA,NA,NA,NA,NA,-0.29,0.14,0.07,6,22,35,-471,183,284,-120,24.8,136,"","","","","","",NA,NA,"",NA,NA,"",NA,NA,"",37,NA,NA,NA,NA,NA,NA,NA,NA,NA,NA,0.21,-0.24,-0.84,-215,214,190,-1060,1410,-831,"E"
"16020","eurico",1322489729,267551,"28/11/2011 14:15","no",1,2.31,47.4,-82.6,2,"","","","","","",NA,NA,"",NA,NA,"",NA,NA,"",NA,NA,NA,NA,NA,NA,NA,NA,NA,NA,1.65,-0.03,0.33,-1,-19,-7,443,507,-140,93.2,-49,-4.49,27,NA,NA,NA,NA,NA,NA,NA,NA,NA,NA,3.4,-0.83,-0.11,143,78,-205,740,-133,-43,"","","","","","",NA,NA,NA,NA,NA,NA,NA,NA,NA,54.24730572,14.1266364,100.6157378,"","","","","","",NA,NA,"",NA,NA,"",NA,NA,"",4,NA,NA,NA,NA,NA,NA,NA,NA,NA,NA,-0.29,0.14,0.08,6,22,36,-474,186,278,-124,24,135,"","","","","","",NA,NA,"",NA,NA,"",NA,NA,"",38,NA,NA,NA,NA,NA,NA,NA,NA,NA,NA,0.37,-0.21,-0.87,-221,223,194,-1040,1400,-819,"E"
"16021","eurico",1322489729,286648,"28/11/2011 14:15","no",1,2.41,47.8,-82.3,2,"","","","","","",NA,NA,"",NA,NA,"",NA,NA,"",NA,NA,NA,NA,NA,NA,NA,NA,NA,NA,1.3,-0.08,0.1,-13,5,12,452,500,-115,83.7,-47,7.99,19,NA,NA,NA,NA,NA,NA,NA,NA,NA,NA,3.58,-0.72,-0.16,127,96,-99,735,-110,64,"","","","","","",NA,NA,NA,NA,NA,NA,NA,NA,NA,58.27762755,12.54066481,97.11160622,"","","","","","",NA,NA,"",NA,NA,"",NA,NA,"",4,NA,NA,NA,NA,NA,NA,NA,NA,NA,NA,-0.31,0.14,0.07,5,22,33,-475,193,280,-127,22.5,133,"","","","","","",NA,NA,"",NA,NA,"",NA,NA,"",42,NA,NA,NA,NA,NA,NA,NA,NA,NA,NA,0.48,-0.55,-0.87,-233,268,204,-1020,1410,-792,"E"
"16022","eurico",1322489729,358632,"28/11/2011 14:15","no",1,1.28,45.6,-81.9,4,"","","","","","",NA,NA,"",NA,NA,"",NA,NA,"",NA,NA,NA,NA,NA,NA,NA,NA,NA,NA,1.49,-0.13,-0.02,37,-19,14,438,493,-9,61.3,-30.7,41.7,15,NA,NA,NA,NA,NA,NA,NA,NA,NA,NA,2.39,-0.67,0.38,52,131,-33,612,-10,369,"","","","","","",NA,NA,NA,NA,NA,NA,NA,NA,NA,56.57446853,9.336071773,99.54912686,"","","","","","",NA,NA,"",NA,NA,"",NA,NA,"",4,NA,NA,NA,NA,NA,NA,NA,NA,NA,NA,-0.29,0.16,0.05,4,23,36,-476,193,276,-136,16.2,124,"","","","","","",NA,NA,"",NA,NA,"",NA,NA,"",38,NA,NA,NA,NA,NA,NA,NA,NA,NA,NA,0.96,-0.48,0.31,-206,224,221,-927,1370,-723,"E"
"16023","eurico",1322489729,374673,"28/11/2011 14:15","no",1,0.48,46.3,-81.8,4,"","","","","","",NA,NA,"",NA,NA,"",NA,NA,"",NA,NA,NA,NA,NA,NA,NA,NA,NA,NA,1.51,-0.16,-0.07,-16,29,22,427,499,11,59.7,-25.5,46.5,14,NA,NA,NA,NA,NA,NA,NA,NA,NA,NA,2.44,-0.93,0.41,5,133,-42,553,11,424,"","","","","","",NA,NA,NA,NA,NA,NA,NA,NA,NA,55.82441814,9.645819033,100.2280531,"","","","","","",NA,NA,"",NA,NA,"",NA,NA,"",4,NA,NA,NA,NA,NA,NA,NA,NA,NA,NA,-0.31,0.16,0.07,4,22,35,-473,191,279,-137,14.1,123,"","","","","","",NA,NA,"",NA,NA,"",NA,NA,"",38,NA,NA,NA,NA,NA,NA,NA,NA,NA,NA,0.83,-0.13,0.28,-195,223,230,-928,1380,-728,"E"
"16024","eurico",1322489729,414655,"28/11/2011 14:15","no",1,0.49,46.8,-81.4,8,"","","","","","",NA,NA,"",NA,NA,"",NA,NA,"",NA,NA,NA,NA,NA,NA,NA,NA,NA,NA,1.38,-0.16,-0.23,-41,65,30,422,495,32,59.5,-22.6,48.3,15,NA,NA,NA,NA,NA,NA,NA,NA,NA,NA,2.34,-1.03,0.51,-2,143,-30,515,37,456,"","","","","","",NA,NA,NA,NA,NA,NA,NA,NA,NA,57.84062056,9.522036503,98.25583414,"","","","","","",NA,NA,"",NA,NA,"",NA,NA,"",4,NA,NA,NA,NA,NA,NA,NA,NA,NA,NA,-0.31,0.16,0.05,4,23,35,-473,185,280,-137,13.2,121,"","","","","","",NA,NA,"",NA,NA,"",NA,NA,"",37,NA,NA,NA,NA,NA,NA,NA,NA,NA,NA,0.8,-0.06,0.26,-179,215,235,-941,1390,-736,"E"
"16025","eurico",1322489729,454670,"28/11/2011 14:15","no",1,-0.03,49.2,-80.8,22,"","","","","","",NA,NA,"",NA,NA,"",NA,NA,"",NA,NA,NA,NA,NA,NA,NA,NA,NA,NA,1.2,-0.14,-0.15,-120,164,65,404,497,67,59.1,-16.9,52.3,16,NA,NA,NA,NA,NA,NA,NA,NA,NA,NA,2.49,-1,0.36,-24,150,-11,447,69,505,"","","","","","",NA,NA,NA,NA,NA,NA,NA,NA,NA,57.67535027,11.88240883,97.87719389,"","","","","","",NA,NA,"",NA,NA,"",NA,NA,"",4,NA,NA,NA,NA,NA,NA,NA,NA,NA,NA,-0.29,0.16,0.03,5,23,35,-469,191,286,-137,11.4,120,"","","","","","",NA,NA,"",NA,NA,"",NA,NA,"",35,NA,NA,NA,NA,NA,NA,NA,NA,NA,NA,0.75,-0.18,0.33,-156,197,237,-930,1410,-751,"E"
"16026","eurico",1322489729,477586,"28/11/2011 14:15","no",1,-1.42,50.5,-81,18,"","","","","","",NA,NA,"",NA,NA,"",NA,NA,"",NA,NA,NA,NA,NA,NA,NA,NA,NA,NA,1.01,-0.31,-0.77,-54,149,77,405,489,65,58.9,-14.1,54.6,17,NA,NA,NA,NA,NA,NA,NA,NA,NA,NA,2.54,-0.95,0.36,-49,158,-33,431,86,511,"","","","","","",NA,NA,NA,NA,NA,NA,NA,NA,NA,55.21173932,11.42683324,100.4225829,"","","","","","",NA,NA,"",NA,NA,"",NA,NA,"",4,NA,NA,NA,NA,NA,NA,NA,NA,NA,NA,-0.29,0.16,0.05,5,23,37,-471,186,274,-137,10.4,119,"","","","","","",NA,NA,"",NA,NA,"",NA,NA,"",35,NA,NA,NA,NA,NA,NA,NA,NA,NA,NA,0.71,-0.26,0.39,-160,193,239,-930,1420,-755,"E"
"16027","eurico",1322489729,538720,"28/11/2011 14:15","no",1,-5.11,53.5,-82.8,6,"","","","","","",NA,NA,"",NA,NA,"",NA,NA,"",NA,NA,NA,NA,NA,NA,NA,NA,NA,NA,1.12,-0.35,-0.18,-15,-54,24,374,505,123,58.9,-6.77,61.2,18,NA,NA,NA,NA,NA,NA,NA,NA,NA,NA,2.68,-0.74,0.21,-81,159,-7,294,128,595,"","","","","","",NA,NA,NA,NA,NA,NA,NA,NA,NA,54.43080586,11.79611664,101.0978897,"","","","","","",NA,NA,"",NA,NA,"",NA,NA,"",4,NA,NA,NA,NA,NA,NA,NA,NA,NA,NA,-0.31,0.16,0.05,5,22,36,-473,184,279,-138,7.71,118,"","","","","","",NA,NA,"",NA,NA,"",NA,NA,"",33,NA,NA,NA,NA,NA,NA,NA,NA,NA,NA,0.43,-0.48,0.2,-140,177,230,-932,1430,-767,"E"
"16028","eurico",1322489729,642646,"28/11/2011 14:15","no",1,-10.8,56.3,-86,7,"","","","","","",NA,NA,"",NA,NA,"",NA,NA,"",NA,NA,NA,NA,NA,NA,NA,NA,NA,NA,0.55,-0.22,-0.03,-67,17,14,336,501,161,60.8,4.83,73.7,26,NA,NA,NA,NA,NA,NA,NA,NA,NA,NA,2.52,-0.63,0.44,-175,180,-25,49,192,644,"","","","","","",NA,NA,NA,NA,NA,NA,NA,NA,NA,56.41990111,11.65110628,99.17465165,"","","","","","",NA,NA,"",NA,NA,"",NA,NA,"",4,NA,NA,NA,NA,NA,NA,NA,NA,NA,NA,-0.31,0.16,0.05,5,23,36,-472,190,286,-141,4.87,120,"","","","","","",NA,NA,"",NA,NA,"",NA,NA,"",34,NA,NA,NA,NA,NA,NA,NA,NA,NA,NA,-0.14,-0.72,-0.36,-154,207,207,-924,1420,-726,"E"
"16029","eurico",1322489729,678737,"28/11/2011 14:15","no",1,-11.4,56.1,-86.2,9,"","","","","","",NA,NA,"",NA,NA,"",NA,NA,"",NA,NA,NA,NA,NA,NA,NA,NA,NA,NA,0.53,-0.32,-0.28,-81,-5,34,321,501,168,62.8,8.94,78.6,26,NA,NA,NA,NA,NA,NA,NA,NA,NA,NA,2.31,-0.67,0.66,-189,175,-26,-26,216,646,"","","","","","",NA,NA,NA,NA,NA,NA,NA,NA,NA,58.51743969,9.218798483,97.64543658,"","","","","","",NA,NA,"",NA,NA,"",NA,NA,"",4,NA,NA,NA,NA,NA,NA,NA,NA,NA,NA,-0.31,0.18,0.05,4,24,36,-474,180,279,-143,3.6,121,"","","","","","",NA,NA,"",NA,NA,"",NA,NA,"",35,NA,NA,NA,NA,NA,NA,NA,NA,NA,NA,-0.11,-0.88,-0.43,-172,216,201,-928,1410,-701,"E"
"16030","eurico",1322489729,726639,"28/11/2011 14:15","no",1,-12.2,56.3,-86.5,8,"","","","","","",NA,NA,"",NA,NA,"",NA,NA,"",NA,NA,NA,NA,NA,NA,NA,NA,NA,NA,0.51,-0.24,-0.28,-70,-22,34,309,495,178,64.1,10.8,80.7,28,NA,NA,NA,NA,NA,NA,NA,NA,NA,NA,2.2,-0.72,0.82,-203,178,-28,-82,240,642,"","","","","","",NA,NA,NA,NA,NA,NA,NA,NA,NA,55.21173932,11.42683324,100.4225829,"","","","","","",NA,NA,"",NA,NA,"",NA,NA,"",4,NA,NA,NA,NA,NA,NA,NA,NA,NA,NA,-0.31,0.16,0.05,5,23,37,-478,186,286,-144,2.94,122,"","","","","","",NA,NA,"",NA,NA,"",NA,NA,"",35,NA,NA,NA,NA,NA,NA,NA,NA,NA,NA,-0.05,-0.83,-0.49,-181,216,203,-918,1400,-688,"E"
"16031","eurico",1322489729,890644,"28/11/2011 14:15","no",1,-16.2,57.2,-88.5,5,"","","","","","",NA,NA,"",NA,NA,"",NA,NA,"",NA,NA,NA,NA,NA,NA,NA,NA,NA,NA,0.8,-0.37,-0.44,-32,13,41,270,503,221,75.7,20.7,91.6,31,NA,NA,NA,NA,NA,NA,NA,NA,NA,NA,1.11,-0.9,1.41,-223,189,-63,-281,326,568,"","","","","","",NA,NA,NA,NA,NA,NA,NA,NA,NA,53.38868344,9.265672399,102.7189784,"","","","","","",NA,NA,"",NA,NA,"",NA,NA,"",4,NA,NA,NA,NA,NA,NA,NA,NA,NA,NA,-0.31,0.16,0.07,4,22,37,-473,188,296,-152,-1.69,124,"","","","","","",NA,NA,"",NA,NA,"",NA,NA,"",36,NA,NA,NA,NA,NA,NA,NA,NA,NA,NA,0.26,-0.66,-1.07,-181,212,209,-869,1310,-574,"E"
"16032","eurico",1322489729,926626,"28/11/2011 14:15","no",1,-17,57.4,-88.9,6,"","","","","","",NA,NA,"",NA,NA,"",NA,NA,"",NA,NA,NA,NA,NA,NA,NA,NA,NA,NA,0.82,-0.35,-0.41,-44,-5,42,255,500,227,77.9,22.1,92.8,31,NA,NA,NA,NA,NA,NA,NA,NA,NA,NA,0.85,-0.9,1.46,-225,192,-83,-307,333,567,"","","","","","",NA,NA,NA,NA,NA,NA,NA,NA,NA,63.07459128,9.450015928,93.0730332,"","","","","","",NA,NA,"",NA,NA,"",NA,NA,"",4,NA,NA,NA,NA,NA,NA,NA,NA,NA,NA,-0.31,0.16,0.07,4,25,34,-468,178,273,-154,-2.6,124,"","","","","","",NA,NA,"",NA,NA,"",NA,NA,"",37,NA,NA,NA,NA,NA,NA,NA,NA,NA,NA,0.32,-0.74,-1.05,-191,218,214,-854,1290,-531,"E"
"16033","eurico",1322489729,954690,"28/11/2011 14:15","no",1,-18.2,57.6,-89.7,7,"","","","","","",NA,NA,"",NA,NA,"",NA,NA,"",NA,NA,NA,NA,NA,NA,NA,NA,NA,NA,0.77,-0.35,-0.33,-54,-8,39,255,498,239,79.7,23.2,93.6,32,NA,NA,NA,NA,NA,NA,NA,NA,NA,NA,0.61,-0.88,1.41,-229,188,-94,-329,353,532,"","","","","","",NA,NA,NA,NA,NA,NA,NA,NA,NA,55.4659041,14.41312778,99.33471192,"","","","","","",NA,NA,"",NA,NA,"",NA,NA,"",4,NA,NA,NA,NA,NA,NA,NA,NA,NA,NA,-0.31,0.16,0.08,6,22,35,-469,187,286,-156,-3.77,124,"","","","","","",NA,NA,"",NA,NA,"",NA,NA,"",38,NA,NA,NA,NA,NA,NA,NA,NA,NA,NA,0.45,-0.87,-0.98,-198,225,221,-838,1260,-497,"E"
"16034","eurico",1322489729,974635,"28/11/2011 14:15","no",1,-19.2,57.7,-90.4,8,"","","","","","",NA,NA,"",NA,NA,"",NA,NA,"",NA,NA,NA,NA,NA,NA,NA,NA,NA,NA,0.71,-0.4,-0.3,-66,4,37,240,502,248,81.6,24.4,94.2,32,NA,NA,NA,NA,NA,NA,NA,NA,NA,NA,0.32,-0.85,1.41,-235,185,-104,-340,368,522,"","","","","","",NA,NA,NA,NA,NA,NA,NA,NA,NA,53.59736547,12.18917078,101.8135395,"","","","","","",NA,NA,"",NA,NA,"",NA,NA,"",4,NA,NA,NA,NA,NA,NA,NA,NA,NA,NA,-0.31,0.18,0.07,5,21,35,-472,191,277,-157,-5.07,125,"","","","","","",NA,NA,"",NA,NA,"",NA,NA,"",40,NA,NA,NA,NA,NA,NA,NA,NA,NA,NA,0.56,-1.01,-0.9,-216,230,228,-832,1240,-491,"E"
"16035","eurico",1322489729,986658,"28/11/2011 14:15","no",1,-20.3,57.8,-91.1,9,"","","","","","",NA,NA,"",NA,NA,"",NA,NA,"",NA,NA,NA,NA,NA,NA,NA,NA,NA,NA,0.63,-0.45,-0.33,-73,5,43,237,495,240,83.4,25.4,94.4,31,NA,NA,NA,NA,NA,NA,NA,NA,NA,NA,0.03,-0.85,1.51,-227,181,-102,-344,382,517,"","","","","","",NA,NA,NA,NA,NA,NA,NA,NA,NA,51.3740352,9.374452014,104.6881426,"","","","","","",NA,NA,"",NA,NA,"",NA,NA,"",4,NA,NA,NA,NA,NA,NA,NA,NA,NA,NA,-0.29,0.18,0.05,4,21,37,-473,179,295,-159,-6.62,126,"","","","","","",NA,NA,"",NA,NA,"",NA,NA,"",41,NA,NA,NA,NA,NA,NA,NA,NA,NA,NA,0.67,-1.16,-0.85,-226,240,232,-834,1230,-474,"E"
